M,N,K,o_kid,hint_mode,o_us,o_slow,oracle_kid,oracle_us,prod_kid,prod_lib,prod_is_default,prod_us,prod_slow,default_us,default_slow,o_vs_default,o_vs_prod,n_ok
43,512,7168,8,base,29.06,1.0,8,29.06,6,ck,0,29.768,1.0244,35.716,1.229,0.8136,0.9762,19
121,512,7168,8,base,29.404,1.0,8,29.404,8,ck,0,29.404,1.0,34.52,1.174,0.8518,1.0,19
136,512,7168,8,base,29.52,1.0,8,29.52,8,ck,0,29.52,1.0,34.744,1.177,0.8496,1.0,19
152,512,7168,8,base,29.372,1.0,8,29.372,8,ck,0,29.372,1.0,34.996,1.1915,0.8393,1.0,19
1109,512,7168,17,base,165.622,4.2598,3,38.88,18,ck,0,40.649,1.0455,54.22,1.3945,3.0546,4.0745,19
1374,512,7168,18,base,41.372,1.057,3,39.14,18,ck,0,41.372,1.057,54.124,1.3828,0.7644,1.0,19
1381,512,7168,18,base,41.309,1.0537,3,39.204,18,ck,0,41.309,1.0537,54.281,1.3845,0.761,1.0,19
1460,512,7168,18,base,41.34,1.0574,3,39.097,18,ck,0,41.34,1.0574,53.92,1.3792,0.7667,1.0,19
1529,512,7168,18,base,41.28,1.0483,3,39.377,18,ck,0,41.28,1.0483,55.036,1.3977,0.75,1.0,19
1628,512,7168,18,base,41.452,1.0441,3,39.7,18,ck,0,41.452,1.0441,54.776,1.3798,0.7568,1.0,19
1646,512,7168,18,base,41.14,1.0416,3,39.496,18,ck,0,41.14,1.0416,54.268,1.374,0.7581,1.0,19
1703,512,7168,18,base,42.168,1.0612,3,39.737,18,ck,0,42.168,1.0612,54.769,1.3783,0.7699,1.0,19
1957,512,7168,18,base,41.977,1.043,3,40.244,18,ck,0,41.977,1.043,54.461,1.3532,0.7708,1.0,19
2063,512,7168,17,base,165.937,3.7675,2,44.044,18,ck,0,59.336,1.3472,72.369,1.6431,2.2929,2.7966,19
2065,512,7168,17,base,165.389,3.8224,2,43.268,18,ck,0,60.02,1.3872,72.585,1.6775,2.2786,2.7556,19
2169,512,7168,17,base,164.197,3.7816,2,43.42,18,ck,0,59.612,1.3729,72.341,1.666,2.2698,2.7544,19
2318,512,7168,17,base,164.502,3.7366,2,44.024,18,ck,0,59.836,1.3592,73.453,1.6685,2.2396,2.7492,19
2325,512,7168,17,base,165.258,3.7806,2,43.712,18,ck,0,60.329,1.3801,73.073,1.6717,2.2615,2.7393,19
2335,512,7168,17,base,164.434,3.8,2,43.272,18,ck,0,59.629,1.378,73.041,1.6879,2.2513,2.7576,19
3108,512,7168,17,base,164.81,3.722,2,44.28,18,ck,0,60.025,1.3556,92.032,2.0784,1.7908,2.7457,19
3168,512,7168,17,base,164.286,3.7041,2,44.353,18,ck,0,60.137,1.3559,91.797,2.0697,1.7897,2.7319,19
3174,512,7168,17,base,164.442,3.738,2,43.992,18,ck,0,60.605,1.3776,92.201,2.0958,1.7835,2.7134,19
3254,512,7168,17,base,164.882,3.6475,2,45.204,18,ck,0,59.945,1.3261,91.797,2.0307,1.7962,2.7506,19
3310,512,7168,17,base,165.15,3.7196,2,44.4,18,ck,0,60.593,1.3647,92.385,2.0807,1.7876,2.7256,19
3332,512,7168,17,base,164.909,3.6774,2,44.844,18,ck,0,60.401,1.3469,92.085,2.0534,1.7908,2.7303,19
3349,512,7168,17,base,165.485,3.7187,2,44.5,18,ck,0,60.441,1.3582,91.761,2.062,1.8034,2.738,19
3366,512,7168,17,base,164.806,3.6975,2,44.572,18,ck,0,60.021,1.3466,92.448,2.0741,1.7827,2.7458,19
3419,512,7168,17,base,164.034,3.7253,2,44.032,18,ck,0,60.677,1.378,92.465,2.0999,1.774,2.7034,19
3717,512,7168,17,base,164.746,3.5662,2,46.197,18,ck,0,60.669,1.3133,92.929,2.0116,1.7728,2.7155,19
4107,512,7168,0,base,59.905,1.0,0,59.905,0,ck,0,59.905,1.0,110.873,1.8508,0.5403,1.0,19
4244,512,7168,0,base,59.897,1.0,0,59.897,0,ck,0,59.897,1.0,110.893,1.8514,0.5401,1.0,19
4315,512,7168,0,base,60.845,1.0,0,60.845,0,ck,0,60.845,1.0,110.733,1.8199,0.5495,1.0,19
5106,512,7168,0,base,60.397,1.0,0,60.397,0,ck,0,60.397,1.0,111.061,1.8389,0.5438,1.0,19
6138,512,7168,0,base,62.233,1.001,2,62.169,0,ck,0,62.233,1.001,130.781,2.1037,0.4759,1.0,19
6290,512,7168,0,base,61.985,1.0,0,61.985,0,ck,0,61.985,1.0,149.785,2.4165,0.4138,1.0,19
7744,512,7168,0,base,63.861,1.0045,2,63.576,0,ck,0,63.861,1.0045,167.966,2.6419,0.3802,1.0,19
8516,512,7168,17,base,343.703,4.1388,2,83.045,0,ck,0,92.453,1.1133,187.93,2.263,1.8289,3.7176,19
8577,512,7168,17,base,344.351,4.1174,2,83.633,0,ck,0,94.069,1.1248,188.258,2.251,1.8291,3.6606,19
8766,512,7168,17,base,343.087,4.0594,2,84.517,0,ck,0,94.277,1.1155,188.582,2.2313,1.8193,3.6391,19
9110,512,7168,17,base,340.435,4.0533,2,83.989,0,ck,0,94.528,1.1255,188.446,2.2437,1.8065,3.6014,19
9307,512,7168,17,base,342.879,3.9869,2,86.001,0,ck,0,95.565,1.1112,206.426,2.4003,1.661,3.5879,19
9454,512,7168,17,base,343.403,4.0349,2,85.109,0,ck,0,95.393,1.1208,207.534,2.4385,1.6547,3.5999,19
9611,512,7168,17,base,344.311,4.0545,2,84.921,0,ck,0,94.777,1.1161,208.174,2.4514,1.654,3.6329,19
9793,512,7168,17,base,344.527,4.0714,2,84.621,0,ck,0,95.113,1.124,207.874,2.4565,1.6574,3.6223,19
9875,512,7168,17,base,342.183,4.0504,2,84.481,0,ck,0,95.213,1.127,208.754,2.471,1.6392,3.5939,19
9944,512,7168,17,base,342.715,4.0418,2,84.793,0,ck,0,94.669,1.1165,207.506,2.4472,1.6516,3.6201,19
10096,512,7168,17,base,341.555,4.0139,2,85.093,0,ck,0,94.537,1.111,206.73,2.4295,1.6522,3.6129,19
10147,512,7168,17,base,339.875,3.9906,2,85.169,0,ck,0,93.453,1.0973,209.302,2.4575,1.6239,3.6369,19
10414,512,7168,17,base,340.655,4.0041,2,85.077,0,ck,0,94.465,1.1104,226.346,2.6605,1.505,3.6062,19
10418,512,7168,17,base,341.311,3.9908,2,85.525,0,ck,0,96.089,1.1235,227.354,2.6583,1.5012,3.552,19
10543,512,7168,17,base,340.751,4.0101,2,84.973,0,ck,0,94.765,1.1152,225.978,2.6594,1.5079,3.5958,19
10633,512,7168,17,base,340.471,3.9656,2,85.857,0,ck,0,93.921,1.0939,227.23,2.6466,1.4984,3.6251,19
10768,512,7168,17,base,341.731,3.9481,2,86.557,0,ck,0,94.749,1.0946,226.298,2.6144,1.5101,3.6067,19
10958,512,7168,17,base,340.315,3.9961,2,85.161,0,ck,0,94.493,1.1096,226.802,2.6632,1.5005,3.6015,19
11028,512,7168,17,base,340.875,3.9164,2,87.037,0,ck,0,95.913,1.102,228.194,2.6218,1.4938,3.554,19
11035,512,7168,17,base,340.399,3.9788,2,85.553,0,ck,0,95.029,1.1108,227.146,2.655,1.4986,3.5821,19
11231,512,7168,17,base,339.775,3.9085,2,86.933,0,ck,0,95.969,1.1039,227.97,2.6224,1.4904,3.5405,19
11431,512,7168,17,base,341.195,3.8992,2,87.505,0,ck,0,94.985,1.0855,247.43,2.8276,1.379,3.5921,19
11577,512,7168,17,base,341.135,3.8784,2,87.957,0,ck,0,94.477,1.0741,245.814,2.7947,1.3878,3.6108,19
11652,512,7168,17,base,341.743,3.8896,2,87.861,0,ck,0,94.337,1.0737,246.018,2.8001,1.3891,3.6226,19
11701,512,7168,17,base,341.187,3.8108,2,89.533,0,ck,0,95.133,1.0625,247.41,2.7634,1.379,3.5864,19
11885,512,7168,17,base,341.895,3.8681,2,88.388,0,ck,0,94.465,1.0687,246.762,2.7918,1.3855,3.6193,19
11945,512,7168,17,base,340.595,3.8719,2,87.965,0,ck,0,95.461,1.0852,246.89,2.8067,1.3795,3.5679,19
12054,512,7168,17,base,342.159,3.8348,2,89.225,0,ck,0,94.001,1.0535,247.243,2.771,1.3839,3.64,19
12132,512,7168,17,base,342.655,3.8392,2,89.253,0,ck,0,95.085,1.0653,246.61,2.7631,1.3895,3.6037,19
12204,512,7168,17,base,339.947,3.8167,2,89.069,0,ck,0,92.433,1.0378,247.306,2.7766,1.3746,3.6778,19
12687,512,7168,0,base,95.845,1.0,0,95.845,0,ck,0,95.845,1.0,266.163,2.777,0.3601,1.0,19
12890,512,7168,0,base,95.209,1.0,0,95.209,0,ck,0,95.209,1.0,266.418,2.7983,0.3574,1.0,19
13559,512,7168,0,base,95.973,1.0,0,95.973,0,ck,0,95.973,1.0,284.531,2.9647,0.3373,1.0,19
13578,512,7168,0,base,96.093,1.0,0,96.093,0,ck,0,96.093,1.0,285.291,2.9689,0.3368,1.0,19
13645,512,7168,0,base,96.257,1.0,0,96.257,0,ck,0,96.257,1.0,286.135,2.9726,0.3364,1.0,19
13997,512,7168,0,base,95.873,1.0,0,95.873,0,ck,0,95.873,1.0,286.143,2.9846,0.3351,1.0,19
14163,512,7168,0,base,97.065,1.0,0,97.065,0,ck,0,97.065,1.0,285.831,2.9447,0.3396,1.0,19
14291,512,7168,0,base,95.933,1.0,0,95.933,0,ck,0,95.933,1.0,285.955,2.9808,0.3355,1.0,19
14314,512,7168,0,base,96.433,1.0,0,96.433,0,ck,0,96.433,1.0,286.491,2.9709,0.3366,1.0,19
14729,512,7168,0,base,96.757,1.0,0,96.757,0,ck,0,96.757,1.0,304.171,3.1437,0.3181,1.0,19
16283,512,7168,0,base,97.261,1.0,0,97.261,0,ck,0,97.261,1.0,328.543,3.378,0.296,1.0,19
16725,512,7168,0,base,134.905,1.0,0,134.905,0,ck,0,134.905,1.0,342.903,2.5418,0.3934,1.0,19
16871,512,7168,0,base,135.861,1.0019,2,135.597,0,ck,0,135.861,1.0019,343.071,2.5301,0.396,1.0,19
17137,512,7168,0,base,136.229,1.0026,2,135.873,0,ck,0,136.229,1.0026,343.535,2.5284,0.3966,1.0,19
17602,512,7168,0,base,135.297,1.0,0,135.297,0,ck,0,135.297,1.0,364.984,2.6976,0.3707,1.0,19
17814,512,7168,0,base,135.457,1.0,0,135.457,0,ck,0,135.457,1.0,362.424,2.6756,0.3738,1.0,19
17821,512,7168,0,base,134.877,1.0,0,134.877,0,ck,0,134.877,1.0,368.635,2.7331,0.3659,1.0,19
18806,512,7168,0,base,136.429,1.0,0,136.429,0,ck,0,136.429,1.0,387.032,2.8369,0.3525,1.0,19
19186,512,7168,0,base,137.365,1.0,0,137.365,0,ck,0,137.365,1.0,388.572,2.8287,0.3535,1.0,19
19328,512,7168,0,base,132.221,1.0,0,132.221,0,ck,0,132.221,1.0,387.824,2.9331,0.3409,1.0,19
20146,512,7168,0,base,136.285,1.0,0,136.285,0,ck,0,136.285,1.0,407.516,2.9902,0.3344,1.0,19
20712,512,7168,0,base,138.873,1.0,0,138.873,0,ck,0,138.873,1.0,419.632,3.0217,0.3309,1.0,19
20839,512,7168,0,base,138.029,1.0,0,138.029,0,ck,0,138.029,1.0,422.34,3.0598,0.3268,1.0,19
20840,512,7168,0,base,137.885,1.0,0,137.885,0,ck,0,137.885,1.0,420.448,3.0493,0.3279,1.0,19
20929,512,7168,0,base,136.629,1.0,0,136.629,0,ck,0,136.629,1.0,420.68,3.079,0.3248,1.0,19
21713,512,7168,0,base,144.937,1.0,0,144.937,0,ck,0,144.937,1.0,449.544,3.1016,0.3224,1.0,19
22450,512,7168,0,base,138.941,1.0,0,138.941,0,ck,0,138.941,1.0,448.024,3.2246,0.3101,1.0,19
23230,512,7168,0,base,148.961,1.0,0,148.961,0,ck,0,148.961,1.0,467.788,3.1403,0.3184,1.0,19
23500,512,7168,0,base,142.557,1.0,0,142.557,0,ck,0,142.557,1.0,460.996,3.2338,0.3092,1.0,19
23742,512,7168,0,base,143.325,1.0,0,143.325,0,ck,0,143.325,1.0,478.58,3.3391,0.2995,1.0,19
25695,512,7168,0,base,183.446,1.0,0,183.446,0,ck,0,183.446,1.0,519.385,2.8313,0.3532,1.0,19
26269,512,7168,0,base,176.518,1.0,0,176.518,0,ck,0,176.518,1.0,515.797,2.9221,0.3422,1.0,19
26751,512,7168,0,base,177.954,1.0,0,177.954,0,ck,0,177.954,1.0,537.245,3.019,0.3312,1.0,19
26821,512,7168,0,base,177.91,1.0,0,177.91,0,ck,0,177.91,1.0,534.853,3.0063,0.3326,1.0,19
27989,512,7168,0,base,181.986,1.0,0,181.986,0,ck,0,181.986,1.0,555.053,3.05,0.3279,1.0,19
28250,512,7168,0,base,182.898,1.0,0,182.898,0,ck,0,182.898,1.0,556.113,3.0406,0.3289,1.0,19
28383,512,7168,0,base,183.638,1.0,0,183.638,0,ck,0,183.638,1.0,556.017,3.0278,0.3303,1.0,19
29089,512,7168,0,base,181.83,1.0,0,181.83,0,ck,0,181.83,1.0,574.361,3.1588,0.3166,1.0,19
29094,512,7168,0,base,192.766,1.0,0,192.766,0,ck,0,192.766,1.0,575.466,2.9853,0.335,1.0,19
29877,512,7168,0,base,194.162,1.0,0,194.162,0,ck,0,194.162,1.0,594.414,3.0614,0.3266,1.0,19
30527,512,7168,0,base,196.034,1.0,0,196.034,0,ck,0,196.034,1.0,594.87,3.0345,0.3295,1.0,19
30556,512,7168,0,base,201.51,1.0,0,201.51,0,ck,0,201.51,1.0,594.09,2.9482,0.3392,1.0,19
31348,512,7168,0,base,183.882,1.0,0,183.882,0,ck,0,183.882,1.0,614.502,3.3418,0.2992,1.0,19
32819,512,7168,0,base,237.182,1.0,0,237.182,,cktile,0,,,662.474,2.7931,0.358,,19
32851,512,7168,0,base,241.758,1.0,0,241.758,,cktile,0,,,665.35,2.7521,0.3634,,19
33024,512,7168,0,base,234.438,1.0,0,234.438,,cktile,0,,,661.786,2.8229,0.3543,,19
116,576,7168,8,base,29.276,1.0,8,29.276,8,ck,0,29.276,1.0,47.728,1.6303,0.6134,1.0,19
791,576,7168,18,base,40.248,1.0839,13,37.132,18,ck,0,40.248,1.0839,49.36,1.3293,0.8154,1.0,19
918,576,7168,18,base,40.844,1.0556,3,38.692,18,ck,0,40.844,1.0556,67.705,1.7498,0.6033,1.0,19
1333,576,7168,18,base,42.145,1.0761,3,39.164,18,ck,0,42.145,1.0761,67.301,1.7184,0.6262,1.0,19
1361,576,7168,18,base,41.672,1.0583,3,39.376,18,ck,0,41.672,1.0583,68.637,1.7431,0.6071,1.0,19
1707,576,7168,18,base,42.884,1.081,3,39.672,18,ck,0,42.884,1.081,95.813,2.4151,0.4476,1.0,19
1974,576,7168,17,base,339.711,7.4205,2,45.78,18,ck,0,60.817,1.3284,95.977,2.0965,3.5395,5.5858,19
2115,576,7168,17,base,393.776,8.5603,2,46.0,18,ck,0,60.493,1.315,96.513,2.0981,4.08,6.5095,19
2249,576,7168,17,base,447.632,9.6223,2,46.52,18,ck,0,61.184,1.3152,96.169,2.0672,4.6546,7.3161,19
2304,576,7168,17,base,294.227,6.4449,2,45.653,18,ck,0,56.272,1.2326,96.273,2.1088,3.0562,5.2286,19
2318,576,7168,17,base,468.417,10.1493,2,46.152,18,ck,0,60.829,1.318,96.425,2.0893,4.8578,7.7006,19
2348,576,7168,17,base,466.977,9.9305,2,47.024,18,ck,0,61.081,1.2989,96.605,2.0544,4.8339,7.6452,19
2372,576,7168,17,base,479.485,10.2052,3,46.984,18,ck,0,61.348,1.3057,96.485,2.0536,4.9695,7.8158,19
2400,576,7168,17,base,476.34,10.0927,2,47.196,18,ck,0,60.868,1.2897,97.161,2.0586,4.9026,7.8257,19
2401,576,7168,17,base,467.02,10.0685,2,46.384,18,ck,0,61.26,1.3207,96.813,2.0872,4.8239,7.6235,19
2632,576,7168,17,base,589.266,12.4917,2,47.172,18,ck,0,61.585,1.3055,120.537,2.5552,4.8887,9.5684,19
2713,576,7168,17,base,597.202,12.6696,2,47.137,18,ck,0,62.309,1.3219,120.329,2.5528,4.9631,9.5846,19
2762,576,7168,17,base,613.418,12.9795,2,47.26,18,ck,0,61.621,1.3039,119.713,2.5331,5.1241,9.9548,19
2979,576,7168,17,base,660.702,13.8256,2,47.788,18,ck,0,61.869,1.2946,121.269,2.5376,5.4482,10.6791,19
3095,576,7168,17,base,676.131,14.298,2,47.288,18,ck,0,62.749,1.3269,121.641,2.5723,5.5584,10.7752,19
3119,576,7168,17,base,678.61,14.1518,2,47.952,18,ck,0,62.777,1.3091,121.041,2.5242,5.6064,10.8099,19
3441,576,7168,1,base,54.845,1.1185,3,49.033,18,ck,0,63.857,1.3023,148.921,3.0372,0.3683,0.8589,19
3566,576,7168,1,base,54.736,1.12,3,48.872,18,ck,0,64.016,1.3099,146.853,3.0048,0.3727,0.855,19
3764,576,7168,0,base,58.929,1.0,0,58.929,18,ck,0,87.557,1.4858,146.545,2.4868,0.4021,0.673,19
3866,576,7168,0,base,59.145,1.0,0,59.145,18,ck,0,87.785,1.4842,147.385,2.492,0.4013,0.6737,19
3929,576,7168,0,base,59.193,1.0,0,59.193,18,ck,0,88.065,1.4878,146.577,2.4763,0.4038,0.6721,19
4027,576,7168,0,base,58.997,1.0,0,58.997,18,ck,0,87.009,1.4748,147.093,2.4933,0.4011,0.6781,19
4408,576,7168,0,base,59.969,1.0,0,59.969,0,ck,0,59.969,1.0,171.078,2.8528,0.3505,1.0,19
4667,576,7168,0,base,60.229,1.0,0,60.229,0,ck,0,60.229,1.0,172.022,2.8561,0.3501,1.0,19
4808,576,7168,0,base,59.88,1.0,0,59.88,0,ck,0,59.88,1.0,171.258,2.86,0.3497,1.0,19
4835,576,7168,0,base,59.945,1.0,0,59.945,0,ck,0,59.945,1.0,171.774,2.8655,0.349,1.0,19
4868,576,7168,0,base,60.633,1.0,0,60.633,0,ck,0,60.633,1.0,172.278,2.8413,0.3519,1.0,19
5063,576,7168,0,base,60.713,1.0,0,60.713,0,ck,0,60.713,1.0,196.386,3.2347,0.3091,1.0,19
5072,576,7168,0,base,60.413,1.0,0,60.413,0,ck,0,60.413,1.0,198.254,3.2817,0.3047,1.0,19
5103,576,7168,0,base,59.825,1.0,0,59.825,0,ck,0,59.825,1.0,197.514,3.3016,0.3029,1.0,19
5195,576,7168,0,base,60.797,1.0,0,60.797,0,ck,0,60.797,1.0,197.926,3.2555,0.3072,1.0,19
5274,576,7168,0,base,60.973,1.0,0,60.973,0,ck,0,60.973,1.0,196.722,3.2264,0.3099,1.0,19
5633,576,7168,0,base,61.757,1.0,0,61.757,0,ck,0,61.757,1.0,196.642,3.1841,0.3141,1.0,19
5862,576,7168,0,base,61.448,1.0,0,61.448,0,ck,0,61.448,1.0,222.522,3.6213,0.2761,1.0,19
6118,576,7168,0,base,61.909,1.0,0,61.909,0,ck,0,61.909,1.0,221.41,3.5764,0.2796,1.0,19
6154,576,7168,0,base,61.789,1.0,0,61.789,0,ck,0,61.789,1.0,223.402,3.6156,0.2766,1.0,19
6419,576,7168,0,base,63.137,1.0,0,63.137,0,ck,0,63.137,1.0,223.646,3.5423,0.2823,1.0,19
6486,576,7168,0,base,61.96,1.0,0,61.96,0,ck,0,61.96,1.0,224.19,3.6183,0.2764,1.0,19
6663,576,7168,1,base,74.401,1.0,1,74.401,0,ck,0,91.541,1.2304,247.59,3.3278,0.3005,0.8128,19
7077,576,7168,1,base,75.453,1.0,1,75.453,0,ck,0,92.409,1.2247,248.938,3.2993,0.3031,0.8165,19
7193,576,7168,18,base,112.413,1.3456,3,83.541,0,ck,0,92.201,1.1037,247.986,2.9684,0.4533,1.2192,19
7218,576,7168,18,base,112.745,1.3332,3,84.565,0,ck,0,93.105,1.101,248.934,2.9437,0.4529,1.2109,19
8448,576,7168,0,base,95.229,1.107,2,86.025,0,ck,0,95.229,1.107,302.015,3.5108,0.3153,1.0,19
8577,576,7168,0,base,93.641,1.0592,2,88.409,0,ck,0,93.641,1.0592,298.639,3.3779,0.3136,1.0,19
8897,576,7168,0,base,93.221,1.0663,2,87.425,0,ck,0,93.221,1.0663,300.335,3.4353,0.3104,1.0,19
9078,576,7168,17,base,1425.262,16.2181,2,87.881,0,ck,0,94.853,1.0793,329.547,3.7499,4.3249,15.026,19
9327,576,7168,17,base,1477.842,16.7434,2,88.264,0,ck,0,93.821,1.063,328.999,3.7274,4.4919,15.7517,19
9398,576,7168,0,base,94.677,1.071,2,88.401,0,ck,0,94.677,1.071,324.651,3.6725,0.2916,1.0,19
9444,576,7168,17,base,1491.726,16.9113,2,88.209,0,ck,0,93.465,1.0596,323.683,3.6695,4.6086,15.9603,19
9450,576,7168,17,base,1503.614,16.976,2,88.573,0,ck,0,94.057,1.0619,325.271,3.6724,4.6227,15.9862,19
9632,576,7168,0,base,94.145,1.0534,2,89.373,0,ck,0,94.145,1.0534,333.435,3.7308,0.2823,1.0,19
9633,576,7168,0,base,93.445,1.0356,2,90.233,0,ck,0,93.445,1.0356,332.007,3.6794,0.2815,1.0,19
9732,576,7168,0,base,94.481,1.0572,2,89.373,0,ck,0,94.481,1.0572,331.919,3.7139,0.2847,1.0,19
9898,576,7168,0,base,95.057,1.0,0,95.057,0,ck,0,95.057,1.0,350.619,3.6885,0.2711,1.0,19
9971,576,7168,0,base,94.925,1.0,0,94.925,0,ck,0,94.925,1.0,352.011,3.7083,0.2697,1.0,19
10219,576,7168,0,base,94.449,1.0,0,94.449,0,ck,0,94.449,1.0,351.403,3.7206,0.2688,1.0,19
10253,576,7168,0,base,94.457,1.0,0,94.457,0,ck,0,94.457,1.0,351.663,3.723,0.2686,1.0,19
10297,576,7168,0,base,94.877,1.0,0,94.877,0,ck,0,94.877,1.0,349.647,3.6853,0.2713,1.0,19
10308,576,7168,0,base,95.301,1.0,0,95.301,0,ck,0,95.301,1.0,350.363,3.6764,0.272,1.0,19
10436,576,7168,0,base,95.445,1.0,0,95.445,0,ck,0,95.445,1.0,351.783,3.6857,0.2713,1.0,19
10471,576,7168,0,base,96.541,1.0,0,96.541,0,ck,0,96.541,1.0,354.407,3.6711,0.2724,1.0,19
10546,576,7168,0,base,95.797,1.0,0,95.797,0,ck,0,95.797,1.0,358.52,3.7425,0.2672,1.0,19
10630,576,7168,0,base,95.229,1.0,0,95.229,0,ck,0,95.229,1.0,358.199,3.7615,0.2659,1.0,19
10646,576,7168,0,base,95.413,1.0,0,95.413,0,ck,0,95.413,1.0,377.776,3.9594,0.2526,1.0,19
10715,576,7168,0,base,96.581,1.0,0,96.581,0,ck,0,96.581,1.0,379.612,3.9305,0.2544,1.0,19
10977,576,7168,0,base,94.757,1.0,0,94.757,0,ck,0,94.757,1.0,377.092,3.9796,0.2513,1.0,19
11079,576,7168,0,base,96.277,1.0,0,96.277,0,ck,0,96.277,1.0,377.108,3.9169,0.2553,1.0,19
11186,576,7168,0,base,96.501,1.0,0,96.501,0,ck,0,96.501,1.0,375.496,3.8911,0.257,1.0,19
11318,576,7168,0,base,96.569,1.0,0,96.569,0,ck,0,96.569,1.0,375.332,3.8867,0.2573,1.0,19
11439,576,7168,0,base,95.229,1.0,0,95.229,0,ck,0,95.229,1.0,378.668,3.9764,0.2515,1.0,19
11693,576,7168,0,base,96.069,1.0,0,96.069,0,ck,0,96.069,1.0,406.284,4.2291,0.2365,1.0,19
11844,576,7168,0,base,97.017,1.0,0,97.017,0,ck,0,97.017,1.0,403.044,4.1544,0.2407,1.0,19
12195,576,7168,0,base,96.081,1.0,0,96.081,0,ck,0,96.081,1.0,405.52,4.2206,0.2369,1.0,19
12345,576,7168,0,base,98.041,1.0,0,98.041,0,ck,0,98.041,1.0,430.008,4.386,0.228,1.0,19
12571,576,7168,0,base,98.129,1.0,0,98.129,0,ck,0,98.129,1.0,426.488,4.3462,0.2301,1.0,19
12670,576,7168,0,base,97.765,1.0,0,97.765,0,ck,0,97.765,1.0,436.128,4.461,0.2242,1.0,19
12865,576,7168,0,base,98.845,1.0,0,98.845,0,ck,0,98.845,1.0,434.392,4.3947,0.2275,1.0,19
13565,576,7168,0,base,134.145,1.0,0,134.145,0,ck,0,134.145,1.0,460.864,3.4356,0.2911,1.0,19
13662,576,7168,0,base,133.929,1.0,0,133.929,0,ck,0,133.929,1.0,456.64,3.4096,0.2933,1.0,19
14428,576,7168,0,base,134.637,1.0,0,134.637,0,ck,0,134.637,1.0,486.385,3.6126,0.2768,1.0,19
15306,576,7168,0,base,136.517,1.0,0,136.517,0,ck,0,136.517,1.0,511.089,3.7438,0.2671,1.0,19
15791,576,7168,0,base,137.621,1.0,0,137.621,0,ck,0,137.621,1.0,533.289,3.875,0.2581,1.0,19
16391,576,7168,0,base,137.317,1.0,0,137.317,,cktile,0,,,558.733,4.0689,0.2458,,19
17033,576,7168,0,base,139.013,1.0,0,139.013,,cktile,0,,,571.809,4.1133,0.2431,,19
17173,576,7168,0,base,137.641,1.0,0,137.641,,cktile,0,,,577.566,4.1962,0.2383,,19
17471,576,7168,0,base,137.201,1.0,0,137.201,,cktile,0,,,595.602,4.3411,0.2304,,19
17565,576,7168,0,base,137.99,1.0,0,137.99,,cktile,0,,,581.065,4.2109,0.2375,,19
17580,576,7168,0,base,139.365,1.0,0,139.365,,cktile,0,,,582.186,4.1774,0.2394,,19
17664,576,7168,0,base,139.201,1.0,0,139.201,,cktile,0,,,591.37,4.2483,0.2354,,19
17828,576,7168,0,base,138.221,1.0,0,138.221,,cktile,0,,,588.014,4.2541,0.2351,,19
17911,576,7168,0,base,138.262,1.0,0,138.262,,cktile,0,,,596.261,4.3126,0.2319,,19
18068,576,7168,0,base,141.305,1.0,0,141.305,,cktile,0,,,627.37,4.4398,0.2252,,19
18257,576,7168,0,base,139.345,1.0,0,139.345,,cktile,0,,,615.53,4.4173,0.2264,,19
18447,576,7168,0,base,139.733,1.0,0,139.733,,cktile,0,,,621.538,4.448,0.2248,,19
18836,576,7168,0,base,144.661,1.0,0,144.661,,cktile,0,,,636.602,4.4006,0.2272,,19
18848,576,7168,0,base,140.662,1.0,0,140.662,,cktile,0,,,633.322,4.5025,0.2221,,19
18946,576,7168,0,base,140.637,1.0,0,140.637,,cktile,0,,,631.806,4.4925,0.2226,,19
18999,576,7168,0,base,142.217,1.0,0,142.217,,cktile,0,,,633.842,4.4569,0.2244,,19
19012,576,7168,0,base,142.218,1.0,0,142.218,,cktile,0,,,633.878,4.4571,0.2244,,19
19261,576,7168,0,base,143.385,1.0,0,143.385,,cktile,0,,,653.922,4.5606,0.2193,,19
19487,576,7168,0,base,142.493,1.0,0,142.493,,cktile,0,,,654.27,4.5916,0.2178,,19
19834,576,7168,0,base,173.158,1.0,0,173.158,,cktile,0,,,665.954,3.8459,0.26,,19
19981,576,7168,0,base,173.934,1.0,0,173.934,,cktile,0,,,673.923,3.8746,0.2581,,19
20000,576,7168,0,base,179.206,1.0,0,179.206,,cktile,0,,,675.711,3.7706,0.2652,,19
20732,576,7168,0,base,175.246,1.0,0,175.246,,cktile,0,,,699.815,3.9933,0.2504,,19
20885,576,7168,0,base,174.198,1.0,0,174.198,,cktile,0,,,702.979,4.0355,0.2478,,19
21233,576,7168,0,base,178.618,1.0,0,178.618,,cktile,0,,,707.715,3.9622,0.2524,,19
21550,576,7168,0,base,180.254,1.0,0,180.254,,cktile,0,,,710.675,3.9426,0.2536,,19
21576,576,7168,0,base,177.094,1.0,0,177.094,,cktile,0,,,716.671,4.0468,0.2471,,19
22199,576,7168,0,base,180.75,1.0,0,180.75,,cktile,0,,,756.759,4.1868,0.2388,,19
23467,576,7168,0,base,186.854,1.0,0,186.854,,cktile,0,,,782.168,4.186,0.2389,,19
23492,576,7168,0,base,176.362,1.0,0,176.362,,cktile,0,,,777.74,4.4099,0.2268,,19
23949,576,7168,0,base,187.322,1.0,0,187.322,,cktile,0,,,803.208,4.2878,0.2332,,19
24483,576,7168,0,base,188.537,1.0,0,188.537,,cktile,0,,,801.552,4.2514,0.2352,,19
26001,576,7168,0,base,193.958,1.0,0,193.958,,cktile,0,,,858.708,4.4273,0.2259,,19
26103,576,7168,0,base,193.442,1.0,0,193.442,,cktile,0,,,853.552,4.4124,0.2266,,19
27058,576,7168,0,base,215.618,1.0,0,215.618,,cktile,0,,,901.569,4.1813,0.2392,,19
27061,576,7168,0,base,228.082,1.0,0,228.082,,cktile,0,,,893.645,3.9181,0.2552,,19
28374,576,7168,0,base,219.65,1.0,0,219.65,,cktile,0,,,929.353,4.2311,0.2363,,19
28457,576,7168,0,base,231.594,1.0,0,231.594,,cktile,0,,,932.557,4.0267,0.2483,,19
28653,576,7168,0,base,222.022,1.0,0,222.022,,cktile,0,,,914.517,4.119,0.2428,,19
29558,576,7168,0,base,235.022,1.0,0,235.022,,cktile,0,,,972.213,4.1367,0.2417,,19
29822,576,7168,0,base,228.69,1.0,0,228.69,,cktile,0,,,971.222,4.2469,0.2355,,19
30675,576,7168,0,base,230.922,1.0,0,230.922,,cktile,0,,,994.553,4.3069,0.2322,,19
31371,576,7168,0,base,241.474,1.0,0,241.474,,cktile,0,,,1018.858,4.2193,0.237,,19
31396,576,7168,0,base,246.99,1.0,0,246.99,,cktile,0,,,1025.35,4.1514,0.2409,,19
31628,576,7168,0,base,244.275,1.0,0,244.275,,cktile,0,,,1036.77,4.2443,0.2356,,19
33024,576,7168,0,base,284.743,1.0,0,284.743,,cktile,0,,,1083.619,3.8056,0.2628,,19
1189,1024,4096,17,base,94.105,3.0274,2,31.084,2,ck,0,31.084,1.0,48.28,1.5532,1.9491,3.0274,19
3191,1024,4096,0,base,43.952,1.0,0,43.952,0,ck,0,43.952,1.0,92.761,2.1105,0.4738,1.0,19
4105,1024,4096,17,base,192.186,3.5318,2,54.417,0,ck,0,61.333,1.1271,112.257,2.0629,1.712,3.1335,19
8399,1024,4096,0,base,86.513,1.03,2,83.997,0,ck,0,86.513,1.03,203.342,2.4208,0.4255,1.0,19
9609,1024,4096,0,base,87.629,1.0038,2,87.301,0,ck,0,87.629,1.0038,224.01,2.5659,0.3912,1.0,19
10359,1024,4096,0,base,88.693,1.0,0,88.693,0,ck,0,88.693,1.0,246.73,2.7818,0.3595,1.0,19
10387,1024,4096,0,base,88.421,1.0,0,88.421,0,ck,0,88.421,1.0,246.254,2.785,0.3591,1.0,19
12882,1024,4096,0,base,110.477,1.0,0,110.477,0,ck,0,110.477,1.0,302.271,2.7361,0.3655,1.0,19
192,1536,7168,18,base,34.992,1.0166,13,34.42,7,ck,0,35.168,1.0217,35.168,1.0217,0.995,0.995,19
196,1536,7168,12,base,42.272,1.196,7,35.344,7,ck,0,35.344,1.0,35.344,1.0,1.196,1.196,19
197,1536,7168,12,base,42.228,1.1887,7,35.525,7,ck,0,35.525,1.0,35.525,1.0,1.1887,1.1887,19
237,1536,7168,18,base,40.264,1.1246,7,35.804,7,ck,0,35.804,1.0,35.804,1.0,1.1246,1.1246,19
264,1536,7168,18,base,40.556,1.1246,7,36.064,18,ck,0,40.556,1.1246,36.064,1.0,1.1246,1.0,19
355,1536,7168,17,base,166.474,4.258,3,39.096,18,ck,0,41.204,1.0539,55.101,1.4094,3.0213,4.0402,19
937,1536,7168,17,base,166.954,3.6661,2,45.54,18,ck,0,60.436,1.3271,74.161,1.6285,2.2512,2.7625,19
1007,1536,7168,17,base,165.842,3.7629,2,44.073,18,ck,0,60.748,1.3784,73.029,1.657,2.2709,2.73,19
1803,1536,7168,0,base,62.549,1.0,0,62.549,18,ck,0,85.261,1.3631,131.621,2.1043,0.4752,0.7336,19
1832,1536,7168,0,base,61.257,1.0,0,61.257,18,ck,0,85.793,1.4005,130.597,2.132,0.469,0.714,19
1882,1536,7168,0,base,61.521,1.0,0,61.521,18,ck,0,85.905,1.3964,131.181,2.1323,0.469,0.7161,19
2131,1536,7168,0,base,62.405,1.0,0,62.405,0,ck,0,62.405,1.0,150.517,2.412,0.4146,1.0,19
2274,1536,7168,0,base,62.321,1.0,0,62.321,0,ck,0,62.321,1.0,150.517,2.4152,0.414,1.0,19
2406,1536,7168,0,base,62.872,1.0,0,62.872,0,ck,0,62.872,1.0,169.526,2.6963,0.3709,1.0,19
2579,1536,7168,0,base,63.732,1.0,0,63.732,0,ck,0,63.732,1.0,170.21,2.6707,0.3744,1.0,19
2598,1536,7168,0,base,63.292,1.0,0,63.292,0,ck,0,63.292,1.0,170.966,2.7012,0.3702,1.0,19
2949,1536,7168,17,base,349.819,4.0916,2,85.497,0,ck,0,92.589,1.0829,189.978,2.222,1.8414,3.7782,19
3026,1536,7168,17,base,344.823,4.0803,2,84.509,0,ck,0,92.889,1.0992,190.313,2.252,1.8119,3.7122,19
3276,1536,7168,0,base,94.553,1.1089,2,85.269,0,ck,0,94.553,1.1089,209.466,2.4565,0.4514,1.0,19
3423,1536,7168,17,base,350.663,4.0653,2,86.257,0,ck,0,94.305,1.0933,228.51,2.6492,1.5346,3.7184,19
3457,1536,7168,17,base,353.527,4.0823,2,86.6,0,ck,0,93.865,1.0839,229.126,2.6458,1.5429,3.7663,19
3486,1536,7168,17,base,352.843,4.0432,2,87.269,0,ck,0,94.329,1.0809,229.91,2.6345,1.5347,3.7406,19
3528,1536,7168,0,base,93.501,1.1104,2,84.201,0,ck,0,93.501,1.1104,227.234,2.6987,0.4115,1.0,19
3567,1536,7168,17,base,349.547,4.1024,2,85.205,0,ck,0,93.361,1.0957,229.738,2.6963,1.5215,3.744,19
3589,1536,7168,17,base,358.651,4.1033,2,87.405,0,ck,0,94.677,1.0832,229.058,2.6207,1.5658,3.7882,19
3594,1536,7168,17,base,352.747,4.0338,2,87.448,0,ck,0,94.713,1.0831,229.47,2.6241,1.5372,3.7244,19
3619,1536,7168,17,base,357.595,4.1099,2,87.009,0,ck,0,94.893,1.0906,228.882,2.6306,1.5624,3.7684,19
3700,1536,7168,17,base,359.519,4.1333,2,86.981,0,ck,0,93.401,1.0738,229.09,2.6338,1.5693,3.8492,19
3776,1536,7168,17,base,214.426,2.4519,2,87.452,0,ck,0,94.185,1.077,246.982,2.8242,0.8682,2.2767,19
3820,1536,7168,17,base,362.232,4.1762,2,86.736,0,ck,0,92.457,1.066,247.154,2.8495,1.4656,3.9178,19
4083,1536,7168,17,base,353.715,3.9256,2,90.105,0,ck,0,94.089,1.0442,257.466,2.8574,1.3738,3.7594,19
4573,1536,7168,0,base,96.089,1.0,0,96.089,14,ck,0,137.097,1.4268,287.827,2.9954,0.3338,0.7009,19
4580,1536,7168,0,base,95.997,1.0,0,95.997,14,ck,0,137.229,1.4295,287.563,2.9955,0.3338,0.6995,19
4610,1536,7168,0,base,97.501,1.0,0,97.501,14,ck,0,137.741,1.4127,289.203,2.9662,0.3371,0.7079,19
4743,1536,7168,0,base,97.129,1.0,0,97.129,14,ck,0,137.453,1.4152,287.451,2.9595,0.3379,0.7066,19
4757,1536,7168,0,base,97.265,1.0,0,97.265,14,ck,0,136.601,1.4044,291.631,2.9983,0.3335,0.712,19
4869,1536,7168,0,base,97.009,1.0,0,97.009,14,ck,0,138.182,1.4244,308.971,3.185,0.314,0.702,19
5073,1536,7168,0,base,97.153,1.0,0,97.153,14,ck,0,137.938,1.4198,315.511,3.2476,0.3079,0.7043,19
5276,1536,7168,0,base,98.181,1.0,0,98.181,14,ck,0,138.693,1.4126,335.351,3.4156,0.2928,0.7079,19
5346,1536,7168,0,base,98.633,1.0,0,98.633,14,ck,0,139.421,1.4135,333.631,3.3826,0.2956,0.7074,19
5729,1536,7168,0,base,135.205,1.0,0,135.205,14,ck,0,197.298,1.4592,348.871,2.5803,0.3876,0.6853,19
5738,1536,7168,0,base,137.469,1.0,0,137.469,14,ck,0,198.494,1.4439,356.107,2.5904,0.386,0.6926,19
5797,1536,7168,0,base,135.529,1.0,0,135.529,14,ck,0,197.73,1.4589,365.596,2.6975,0.3707,0.6854,19
5807,1536,7168,0,base,137.105,1.0,0,137.105,14,ck,0,199.234,1.4531,370.352,2.7012,0.3702,0.6882,19
6053,1536,7168,0,base,136.558,1.0,0,136.558,14,ck,0,199.974,1.4644,375.92,2.7528,0.3633,0.6829,19
6100,1536,7168,0,base,137.373,1.0,0,137.373,14,ck,0,201.85,1.4694,370.515,2.6971,0.3708,0.6806,19
6116,1536,7168,0,base,134.289,1.0,0,134.289,14,ck,0,200.274,1.4914,372.484,2.7737,0.3605,0.6705,19
6205,1536,7168,0,base,135.333,1.0,0,135.333,14,ck,0,199.61,1.4749,386.784,2.858,0.3499,0.678,19
6784,1536,7168,0,base,132.201,1.0,0,132.201,14,ck,0,192.101,1.4531,414.86,3.1381,0.3187,0.6882,19
7203,1536,7168,0,base,139.586,1.0,0,139.586,14,ck,0,200.938,1.4395,449.513,3.2203,0.3105,0.6947,19
7647,1536,7168,0,base,142.665,1.0,0,142.665,14,ck,0,202.542,1.4197,464.504,3.2559,0.3071,0.7044,19
7721,1536,7168,0,base,142.077,1.0,0,142.077,14,ck,0,202.49,1.4252,465.576,3.2769,0.3052,0.7017,19
7761,1536,7168,0,base,141.149,1.0,0,141.149,14,ck,0,203.61,1.4425,466.089,3.3021,0.3028,0.6932,19
7775,1536,7168,0,base,140.93,1.0,0,140.93,14,ck,0,201.938,1.4329,466.073,3.3071,0.3024,0.6979,19
8463,1536,7168,0,base,178.41,1.0,0,178.41,,cktile,0,,,501.157,2.809,0.356,,19
8558,1536,7168,0,base,174.562,1.0,0,174.562,,cktile,0,,,523.481,2.9988,0.3335,,19
8604,1536,7168,0,base,174.645,1.0,0,174.645,,cktile,0,,,522.685,2.9928,0.3341,,19
8623,1536,7168,0,base,180.918,1.0,0,180.918,,cktile,0,,,520.209,2.8754,0.3478,,19
8763,1536,7168,0,base,179.51,1.0,0,179.51,,cktile,0,,,523.017,2.9136,0.3432,,19
8994,1536,7168,0,base,178.11,1.0,0,178.11,,cktile,0,,,538.877,3.0255,0.3305,,19
9117,1536,7168,0,base,176.738,1.0,0,176.738,,cktile,0,,,538.273,3.0456,0.3283,,19
9427,1536,7168,0,base,179.414,1.0,0,179.414,,cktile,0,,,560.31,3.123,0.3202,,19
9428,1536,7168,0,base,184.118,1.0,0,184.118,,cktile,0,,,558.741,3.0347,0.3295,,19
9546,1536,7168,0,base,180.602,1.0,0,180.602,,cktile,0,,,558.985,3.0951,0.3231,,19
10057,1536,7168,0,base,179.03,1.0,0,179.03,,cktile,0,,,597.654,3.3383,0.2996,,19
10252,1536,7168,0,base,186.17,1.0,0,186.17,,cktile,0,,,616.474,3.3114,0.302,,19
10286,1536,7168,0,base,182.486,1.0,0,182.486,,cktile,0,,,617.29,3.3827,0.2956,,19
10297,1536,7168,0,base,191.69,1.0,0,191.69,,cktile,0,,,617.426,3.221,0.3105,,19
10356,1536,7168,0,base,186.402,1.0,0,186.402,,cktile,0,,,615.946,3.3044,0.3026,,19
10377,1536,7168,0,base,183.83,1.0,0,183.83,,cktile,0,,,617.222,3.3576,0.2978,,19
10585,1536,7168,0,base,181.258,1.0,0,181.258,,cktile,0,,,636.382,3.5109,0.2848,,19
10652,1536,7168,0,base,195.458,1.0,0,195.458,,cktile,0,,,636.474,3.2563,0.3071,,19
10655,1536,7168,0,base,187.322,1.0,0,187.322,,cktile,0,,,636.186,3.3962,0.2944,,19
10684,1536,7168,0,base,185.662,1.0,0,185.662,,cktile,0,,,636.682,3.4293,0.2916,,19
10739,1536,7168,0,base,184.498,1.0,0,184.498,,cktile,0,,,635.694,3.4455,0.2902,,19
10935,1536,7168,0,base,222.574,1.0,0,222.574,,cktile,0,,,654.598,2.941,0.34,,19
10970,1536,7168,0,base,222.874,1.0,0,222.874,,cktile,0,,,656.787,2.9469,0.3393,,19
11000,1536,7168,0,base,218.678,1.0,0,218.678,,cktile,0,,,654.75,2.9941,0.334,,19
11012,1536,7168,0,base,220.694,1.0,0,220.694,,cktile,0,,,656.23,2.9735,0.3363,,19
11041,1536,7168,0,base,221.778,1.0,0,221.778,,cktile,0,,,657.122,2.963,0.3375,,19
11168,1536,7168,0,base,219.606,1.0,0,219.606,,cktile,0,,,653.202,2.9744,0.3362,,19
11217,1536,7168,0,base,223.094,1.0,0,223.094,,cktile,0,,,656.359,2.9421,0.3399,,19
11256,1536,7168,0,base,220.842,1.0,0,220.842,,cktile,0,,,657.215,2.9759,0.336,,19
11405,1536,7168,0,base,221.642,1.0,0,221.642,,cktile,0,,,674.651,3.0439,0.3285,,19
11585,1536,7168,0,base,226.334,1.0,0,226.334,,cktile,0,,,675.667,2.9853,0.335,,19
11620,1536,7168,0,base,230.55,1.0,0,230.55,,cktile,0,,,694.359,3.0117,0.332,,19
12023,1536,7168,0,base,222.546,1.0,0,222.546,,cktile,0,,,713.051,3.2041,0.3121,,19
12043,1536,7168,0,base,225.766,1.0,0,225.766,,cktile,0,,,713.987,3.1625,0.3162,,19
12208,1536,7168,0,base,222.766,1.0,0,222.766,,cktile,0,,,711.571,3.1943,0.3131,,19
12554,1536,7168,0,base,225.362,1.0,0,225.362,,cktile,0,,,733.291,3.2538,0.3073,,19
12624,1536,7168,0,base,236.782,1.0,0,236.782,,cktile,0,,,730.923,3.0869,0.3239,,19
12842,1536,7168,0,base,229.45,1.0,0,229.45,,cktile,0,,,752.327,3.2788,0.305,,19
12876,1536,7168,0,base,227.942,1.0,0,227.942,,cktile,0,,,754.479,3.31,0.3021,,19
13128,1536,7168,0,base,243.826,1.0,0,243.826,,cktile,0,,,772.136,3.1667,0.3158,,19
13545,1536,7168,0,base,240.826,1.0,0,240.826,,cktile,0,,,791.844,3.288,0.3041,,19
13567,1536,7168,0,base,244.406,1.0,0,244.406,,cktile,0,,,792.532,3.2427,0.3084,,19
13583,1536,7168,14,base,324.231,1.2301,0,263.583,,cktile,0,,,791.904,3.0044,0.4094,,19
14671,1536,7168,0,base,283.355,1.0,0,283.355,,cktile,0,,,849.74,2.9989,0.3335,,19
14731,1536,7168,0,base,283.239,1.0,0,283.239,,cktile,0,,,870.064,3.0718,0.3255,,19
15038,1536,7168,0,base,270.439,1.0,0,270.439,,cktile,0,,,888.641,3.2859,0.3043,,19
15232,1536,7168,0,base,266.935,1.0,0,266.935,,cktile,0,,,884.021,3.3118,0.302,,19
15234,1536,7168,0,base,292.107,1.0,0,292.107,,cktile,0,,,888.581,3.042,0.3287,,19
15419,1536,7168,0,base,290.415,1.0,0,290.415,,cktile,0,,,908.013,3.1266,0.3198,,19
15499,1536,7168,0,base,295.343,1.0,0,295.343,,cktile,0,,,909.417,3.0792,0.3248,,19
16932,1536,7168,0,base,332.499,1.0,0,332.499,,cktile,0,,,986.062,2.9656,0.3372,,19
17053,1536,7168,0,base,323.055,1.0,0,323.055,,cktile,0,,,987.71,3.0574,0.3271,,19
17699,1536,7168,0,base,339.763,1.0,0,339.763,,cktile,0,,,1025.638,3.0187,0.3313,,19
18334,1536,7168,0,base,327.687,1.0,0,327.687,,cktile,0,,,1063.802,3.2464,0.308,,19
18494,1536,7168,0,base,332.027,1.0,0,332.027,,cktile,0,,,1083.351,3.2628,0.3065,,19
18596,1536,7168,0,base,349.567,1.0,0,349.567,,cktile,0,,,1083.139,3.0985,0.3227,,19
18616,1536,7168,0,base,345.855,1.0,0,345.855,,cktile,0,,,1081.683,3.1276,0.3197,,19
18704,1536,7168,0,base,336.983,1.0,0,336.983,,cktile,0,,,1079.267,3.2027,0.3122,,19
18812,1536,7168,0,base,343.308,1.0,0,343.308,,cktile,0,,,1100.403,3.2053,0.312,,19
18910,1536,7168,0,base,341.031,1.0,0,341.031,,cktile,0,,,1103.247,3.235,0.3091,,19
19216,1536,7168,0,base,368.028,1.0,0,368.028,,cktile,0,,,1119.911,3.043,0.3286,,19
19869,1536,7168,0,base,387.312,1.0,0,387.312,,cktile,0,,,1162.036,3.0003,0.3333,,19
20112,1536,7168,0,base,389.36,1.0,0,389.36,,cktile,0,,,1158.8,2.9762,0.336,,19
20134,1536,7168,0,base,385.552,1.0,0,385.552,,cktile,0,,,1178.86,3.0576,0.3271,,19
20545,1536,7168,0,base,390.784,1.0,0,390.784,,cktile,0,,,1201.64,3.0749,0.3252,,19
20589,1536,7168,0,base,379.092,1.0,0,379.092,,cktile,0,,,1200.436,3.1666,0.3158,,19
20711,1536,7168,0,base,388.996,1.0,0,388.996,,cktile,0,,,1201.392,3.0884,0.3238,,19
20713,1536,7168,0,base,382.748,1.0,0,382.748,,cktile,0,,,1200.288,3.136,0.3189,,19
20759,1536,7168,0,base,380.82,1.0,0,380.82,,cktile,0,,,1200.891,3.1534,0.3171,,19
20986,1536,7168,0,base,397.264,1.0,0,397.264,,cktile,0,,,1221.22,3.0741,0.3253,,19
22742,1536,7168,0,base,423.728,1.0,0,423.728,,cktile,0,,,1318.325,3.1113,0.3214,,19
22916,1536,7168,0,base,430.992,1.0,0,430.992,,cktile,0,,,1338.321,3.1052,0.322,,19
23516,1536,7168,0,base,430.8,1.0,0,430.8,,cktile,0,,,1358.921,3.1544,0.317,,19
23659,1536,7168,0,base,438.944,1.0,0,438.944,,cktile,0,,,1380.23,3.1444,0.318,,19
23731,1536,7168,0,base,445.244,1.0,0,445.244,,cktile,0,,,1384.798,3.1102,0.3215,,19
23916,1536,7168,0,base,449.78,1.0,0,449.78,,cktile,0,,,1401.994,3.1171,0.3208,,19
24194,1536,7168,0,base,452.457,1.0,0,452.457,,cktile,0,,,1405.333,3.106,0.322,,19
24910,1536,7168,0,base,471.525,1.0,0,471.525,,cktile,0,,,1442.482,3.0592,0.3269,,19
24973,1536,7168,0,base,478.909,1.0,0,478.909,,cktile,0,,,1458.862,3.0462,0.3283,,19
26083,1536,7168,0,base,494.545,1.0,0,494.545,,cktile,0,,,1518.951,3.0714,0.3256,,19
26277,1536,7168,0,base,502.001,1.0,0,502.001,,cktile,0,,,1540.123,3.068,0.3259,,19
27132,1536,7168,0,base,518.233,1.0,0,518.233,,cktile,0,,,1587.136,3.0626,0.3265,,19
28047,1536,7168,0,base,542.965,1.0,0,542.965,,cktile,0,,,1648.14,3.0354,0.3294,,19
28480,1536,7168,0,base,546.817,1.0,0,546.817,,cktile,0,,,1666.748,3.0481,0.3281,,19
28751,1536,7168,0,base,557.529,1.0,0,557.529,,cktile,0,,,1693.441,3.0374,0.3292,,19
28756,1536,7168,0,base,550.473,1.0,0,550.473,,cktile,0,,,1696.301,3.0815,0.3245,,19
30173,1536,7168,0,base,595.142,1.0,0,595.142,,cktile,0,,,1783.55,2.9968,0.3337,,19
30671,1536,7168,0,base,600.918,1.0,0,600.918,,cktile,0,,,1808.99,3.0104,0.3322,,19
32927,1536,7168,0,base,660.955,1.0,0,660.955,,cktile,0,,,1939.055,2.9337,0.3409,,19
33024,1536,7168,0,base,641.018,1.0,0,641.018,,cktile,0,,,1926.955,3.0061,0.3327,,19
2044,4096,1280,14,base,43.016,1.2244,0,35.132,7,default,1,69.821,1.9874,69.821,1.9874,0.6161,0.6161,19
2210,4096,1280,0,base,42.585,1.0525,2,40.46,7,default,1,74.865,1.8503,74.865,1.8503,0.5688,0.5688,19
2837,4096,1280,0,base,42.824,1.0,0,42.824,7,default,1,96.325,2.2493,96.325,2.2493,0.4446,0.4446,19
3884,4096,1280,0,base,52.169,1.0,0,52.169,7,default,1,129.817,2.4884,129.817,2.4884,0.4019,0.4019,19
6329,4096,1280,0,base,80.945,1.0,0,80.945,7,default,1,199.914,2.4698,199.914,2.4698,0.4049,0.4049,19
9186,4096,1280,0,base,101.429,1.0,0,101.429,7,default,1,285.566,2.8154,285.566,2.8154,0.3552,0.3552,19
10920,4096,1280,0,base,120.897,1.0,0,120.897,7,default,1,334.931,2.7704,334.931,2.7704,0.361,0.361,19
11772,4096,1280,0,base,129.297,1.0,0,129.297,7,default,1,360.66,2.7894,360.66,2.7894,0.3585,0.3585,19
21994,4096,1280,0,base,226.014,1.0,0,226.014,7,default,1,648.386,2.8688,648.386,2.8688,0.3486,0.3486,19
22225,4096,1280,0,base,232.762,1.0,0,232.762,7,default,1,657.271,2.8238,657.271,2.8238,0.3541,0.3541,19
30851,4096,1280,0,base,346.139,1.0,0,346.139,7,default,1,905.457,2.6159,905.457,2.6159,0.3823,0.3823,19
178,4608,7168,18,base,41.333,1.0371,3,39.852,18,ck,0,41.333,1.0371,55.037,1.381,0.751,1.0,19
201,4608,7168,12,base,42.732,1.0,12,42.732,18,ck,0,59.973,1.4034,54.957,1.2861,0.7776,0.7125,19
267,4608,7168,17,base,165.626,3.6917,2,44.864,18,ck,0,60.388,1.346,73.681,1.6423,2.2479,2.7427,19
999,4608,7168,17,base,346.659,4.0234,2,86.16,18,ck,0,133.245,1.5465,195.414,2.268,1.774,2.6017,19
1133,4608,7168,17,base,375.08,4.3221,2,86.781,,cktile,0,,,209.054,2.409,1.7942,,19
1589,4608,7168,0,base,97.401,1.0,0,97.401,,cktile,0,,,312.607,3.2095,0.3116,,19
1715,4608,7168,0,base,99.185,1.0,0,99.185,,cktile,0,,,332.591,3.3532,0.2982,,19
2023,4608,7168,0,base,134.045,1.0,0,134.045,,cktile,0,,,375.384,2.8004,0.3571,,19
2056,4608,7168,0,base,135.653,1.0,0,135.653,,cktile,0,,,389.86,2.8739,0.348,,19
2062,4608,7168,0,base,136.07,1.0,0,136.07,,cktile,0,,,391.492,2.8771,0.3476,,19
2266,4608,7168,0,base,136.401,1.0,0,136.401,,cktile,0,,,403.828,2.9606,0.3378,,19
2404,4608,7168,0,base,139.749,1.0,0,139.749,,cktile,0,,,445.2,3.1857,0.3139,,19
2565,4608,7168,0,base,141.173,1.0,0,141.173,,cktile,0,,,464.78,3.2923,0.3037,,19
2651,4608,7168,0,base,144.918,1.0,0,144.918,,cktile,0,,,484.009,3.3399,0.2994,,19
2811,4608,7168,0,base,177.83,1.0,0,177.83,,cktile,0,,,500.133,2.8124,0.3556,,19
2847,4608,7168,0,base,176.086,1.0,0,176.086,,cktile,0,,,520.313,2.9549,0.3384,,19
2850,4608,7168,0,base,175.278,1.0,0,175.278,,cktile,0,,,519.413,2.9634,0.3375,,19
2870,4608,7168,0,base,178.234,1.0,0,178.234,,cktile,0,,,519.657,2.9156,0.343,,19
3048,4608,7168,0,base,177.118,1.0,0,177.118,,cktile,0,,,539.769,3.0475,0.3281,,19
3095,4608,7168,0,base,181.702,1.0,0,181.702,,cktile,0,,,558.813,3.0754,0.3252,,19
3101,4608,7168,0,base,178.594,1.0,0,178.594,,cktile,0,,,558.077,3.1248,0.32,,19
3111,4608,7168,0,base,182.153,1.0,0,182.153,,cktile,0,,,561.61,3.0832,0.3243,,19
3466,4608,7168,0,base,184.993,1.0,0,184.993,,cktile,0,,,618.522,3.3435,0.2991,,19
3571,4608,7168,0,base,184.07,1.0,0,184.07,,cktile,0,,,636.334,3.457,0.2893,,19
3668,4608,7168,0,base,219.926,1.0,0,219.926,,cktile,0,,,656.586,2.9855,0.335,,19
3769,4608,7168,0,base,222.934,1.0,0,222.934,,cktile,0,,,682.191,3.0601,0.3268,,19
4194,4608,7168,0,base,231.002,1.0,0,231.002,,cktile,0,,,733.827,3.1767,0.3148,,19
4905,4608,7168,0,base,282.127,1.0,0,282.127,,cktile,0,,,869.673,3.0826,0.3244,,19
4910,4608,7168,0,base,268.575,1.0,0,268.575,,cktile,0,,,871.421,3.2446,0.3082,,19
4999,4608,7168,0,base,272.862,1.0,0,272.862,,cktile,0,,,888.501,3.2562,0.3071,,19
5000,4608,7168,0,base,277.435,1.0,0,277.435,,cktile,0,,,888.829,3.2037,0.3121,,19
5209,4608,7168,0,base,285.702,1.0,0,285.702,,cktile,0,,,911.797,3.1914,0.3133,,19
5502,4608,7168,0,base,314.487,1.0,0,314.487,,cktile,0,,,969.878,3.084,0.3243,,19
5751,4608,7168,0,base,325.583,1.0,0,325.583,,cktile,0,,,1005.194,3.0874,0.3239,,19
6246,4608,7168,0,base,342.999,1.0,0,342.999,,cktile,0,,,1087.294,3.17,0.3155,,19
6313,4608,7168,0,base,363.955,1.0,0,363.955,,cktile,0,,,1105.579,3.0377,0.3292,,19
6748,4608,7168,0,base,383.9,1.0,0,383.9,,cktile,0,,,1181.156,3.0767,0.325,,19
7093,4608,7168,0,base,395.252,1.0,0,395.252,,cktile,0,,,1239.852,3.1369,0.3188,,19
8119,4608,7168,0,base,446.632,1.0,0,446.632,,cktile,0,,,1424.694,3.1899,0.3135,,19
8233,4608,7168,0,base,471.053,1.0,0,471.053,,cktile,0,,,1445.61,3.0689,0.3259,,19
8620,4608,7168,0,base,488.057,1.0,0,488.057,,cktile,0,,,1501.007,3.0755,0.3252,,19
8732,4608,7168,0,base,490.197,1.0,0,490.197,,cktile,0,,,1518.187,3.0971,0.3229,,19
8733,4608,7168,0,base,481.857,1.0,0,481.857,,cktile,0,,,1519.427,3.1533,0.3171,,19
9026,4608,7168,0,base,499.489,1.0,0,499.489,,cktile,0,,,1580.908,3.165,0.316,,19
9040,4608,7168,0,base,482.465,1.0,0,482.465,,cktile,0,,,1573.888,3.2622,0.3065,,19
9310,4608,7168,0,base,527.489,1.0,0,527.489,,cktile,0,,,1620.968,3.073,0.3254,,19
9381,4608,7168,0,base,534.417,1.0,0,534.417,,cktile,0,,,1635.616,3.0606,0.3267,,19
9561,4608,7168,0,base,537.509,1.0,0,537.509,,cktile,0,,,1679.793,3.1251,0.32,,19
9595,4608,7168,0,base,533.121,1.0,0,533.121,,cktile,0,,,1679.173,3.1497,0.3175,,19
9726,4608,7168,0,base,545.289,1.0,0,545.289,,cktile,0,,,1696.837,3.1118,0.3214,,19
9820,4608,7168,0,base,547.613,1.0,0,547.613,,cktile,0,,,1703.609,3.111,0.3214,,19
10168,4608,7168,0,base,576.538,1.0,0,576.538,,cktile,0,,,1775.03,3.0788,0.3248,,19
10175,4608,7168,0,base,581.422,1.0,0,581.422,,cktile,0,,,1773.958,3.0511,0.3278,,19
10199,4608,7168,0,base,573.982,1.0,0,573.982,,cktile,0,,,1780.526,3.1021,0.3224,,19
10238,4608,7168,0,base,576.026,1.0,0,576.026,,cktile,0,,,1774.942,3.0814,0.3245,,19
10471,4608,7168,0,base,587.058,1.0,0,587.058,,cktile,0,,,1835.562,3.1267,0.3198,,19
10480,4608,7168,0,base,585.494,1.0,0,585.494,,cktile,0,,,1829.622,3.1249,0.32,,19
10481,4608,7168,0,base,589.662,1.0,0,589.662,,cktile,0,,,1833.522,3.1094,0.3216,,19
10679,4608,7168,0,base,590.266,1.0,0,590.266,,cktile,0,,,1855.302,3.1432,0.3182,,19
10711,4608,7168,0,base,594.15,1.0,0,594.15,,cktile,0,,,1875.303,3.1563,0.3168,,19
10864,4608,7168,0,base,601.582,1.0,0,601.582,,cktile,0,,,1885.159,3.1337,0.3191,,19
10934,4608,7168,0,base,628.102,1.0,0,628.102,,cktile,0,,,1918.767,3.0549,0.3273,,19
10935,4608,7168,0,base,619.246,1.0,0,619.246,,cktile,0,,,1912.891,3.0891,0.3237,,19
10966,4608,7168,0,base,632.59,1.0,0,632.59,,cktile,0,,,1909.959,3.0193,0.3312,,19
11109,4608,7168,0,base,629.542,1.0,0,629.542,,cktile,0,,,1926.111,3.0595,0.3268,,19
11241,4608,7168,0,base,634.082,1.0,0,634.082,,cktile,0,,,1946.068,3.0691,0.3258,,19
11399,4608,7168,0,base,640.902,1.0,0,640.902,,cktile,0,,,1985.452,3.0979,0.3228,,19
11441,4608,7168,0,base,630.278,1.0,0,630.278,,cktile,0,,,1984.224,3.1482,0.3176,,19
11500,4608,7168,0,base,643.15,1.0,0,643.15,,cktile,0,,,2000.464,3.1104,0.3215,,19
11519,4608,7168,0,base,643.563,1.0,0,643.563,,cktile,0,,,2001.828,3.1105,0.3215,,19
11767,4608,7168,0,base,649.111,1.0,0,649.111,,cktile,0,,,2038.668,3.1407,0.3184,,19
11838,4608,7168,0,base,672.718,1.0,0,672.718,,cktile,0,,,2066.109,3.0713,0.3256,,19
11971,4608,7168,0,base,683.567,1.0,0,683.567,,cktile,0,,,2082.289,3.0462,0.3283,,19
12042,4608,7168,0,base,684.243,1.0,0,684.243,,cktile,0,,,2081.445,3.042,0.3287,,19
12240,4608,7168,0,base,675.115,1.0,0,675.115,,cktile,0,,,2118.105,3.1374,0.3187,,19
12453,4608,7168,0,base,689.503,1.0,0,689.503,,cktile,0,,,2160.873,3.134,0.3191,,19
12842,4608,7168,0,base,726.819,1.0,0,726.819,,cktile,0,,,2219.866,3.0542,0.3274,,19
13088,4608,7168,0,base,743.339,1.0,0,743.339,,cktile,0,,,2272.355,3.057,0.3271,,19
14586,4608,7168,0,base,833.18,1.0,0,833.18,,cktile,0,,,2524.017,3.0294,0.3301,,19
14823,4608,7168,0,base,847.308,1.0,0,847.308,,cktile,0,,,2563.606,3.0256,0.3305,,19
15227,4608,7168,0,base,919.017,1.0,0,919.017,,cktile,0,,,2621.678,2.8527,0.3505,,19
15519,4608,7168,0,base,885.721,1.0,0,885.721,,cktile,0,,,2676.718,3.0221,0.3309,,19
15810,4608,7168,0,base,899.205,1.0,0,899.205,,cktile,0,,,2740.871,3.0481,0.3281,,19
15869,4608,7168,0,base,891.325,1.0,0,891.325,,cktile,0,,,2729.008,3.0617,0.3266,,19
16283,4608,7168,0,base,895.273,1.0,0,895.273,,cktile,0,,,2826.728,3.1574,0.3167,,19
16925,4608,7168,0,base,942.857,1.0,0,942.857,,cktile,0,,,2925.785,3.1031,0.3223,,19
17121,4608,7168,0,base,963.478,1.0,0,963.478,,cktile,0,,,2962.51,3.0748,0.3252,,19
17211,4608,7168,0,base,947.166,1.0,0,947.166,,cktile,0,,,2981.126,3.1474,0.3177,,19
17228,4608,7168,0,base,986.97,1.0,0,986.97,,cktile,0,,,2988.91,3.0284,0.3302,,19
17763,4608,7168,0,base,1000.942,1.0,0,1000.942,,cktile,0,,,3083.447,3.0805,0.3246,,19
19122,4608,7168,0,base,1085.071,1.0,0,1085.071,,cktile,0,,,3318.086,3.0579,0.327,,19
19148,4608,7168,0,base,1088.039,1.0,0,1088.039,,cktile,0,,,3325.237,3.0562,0.3272,,19
19310,4608,7168,0,base,1091.579,1.0,0,1091.579,,cktile,0,,,3337.146,3.0572,0.3271,,19
20188,4608,7168,0,base,1137.411,1.0,0,1137.411,,cktile,0,,,3502.288,3.0792,0.3248,,19
20456,4608,7168,0,base,1141.136,1.0,0,1141.136,,cktile,0,,,3539.716,3.1019,0.3224,,19
20675,4608,7168,0,base,1160.536,1.0,0,1160.536,,cktile,0,,,3582.288,3.0868,0.324,,19
21304,4608,7168,0,base,1198.496,1.0,0,1198.496,,cktile,0,,,3689.018,3.078,0.3249,,19
21538,4608,7168,0,base,1214.696,1.0,0,1214.696,,cktile,0,,,3739.078,3.0782,0.3249,,19
21754,4608,7168,0,base,1224.756,1.0,0,1224.756,,cktile,0,,,3760.066,3.0701,0.3257,,19
21944,4608,7168,0,base,1229.052,1.0,0,1229.052,,cktile,0,,,3808.091,3.0984,0.3227,,19
22101,4608,7168,0,base,1249.697,1.0,0,1249.697,,cktile,0,,,3834.375,3.0682,0.3259,,19
22282,4608,7168,0,base,1256.073,1.0,0,1256.073,,cktile,0,,,3856.735,3.0705,0.3257,,19
22544,4608,7168,0,base,1260.885,1.0,0,1260.885,,cktile,0,,,3881.655,3.0785,0.3248,,19
22657,4608,7168,0,base,1268.193,1.0,0,1268.193,,cktile,0,,,3928.316,3.0976,0.3228,,19
23036,4608,7168,0,base,1274.069,1.0,0,1274.069,,cktile,0,,,3987.221,3.1295,0.3195,,19
23063,4608,7168,0,base,1287.245,1.0,0,1287.245,,cktile,0,,,3993.889,3.1027,0.3223,,19
23693,4608,7168,0,base,1308.253,1.0,0,1308.253,,cktile,0,,,4113.15,3.144,0.3181,,19
24559,4608,7168,0,base,1347.014,1.0,0,1347.014,,cktile,0,,,4245.099,3.1515,0.3173,,19
25730,4608,7168,0,base,1389.89,1.0,0,1389.89,,cktile,0,,,4462.769,3.2109,0.3114,,19
26493,4608,7168,0,base,1406.806,1.0,0,1406.806,,cktile,0,,,4577.283,3.2537,0.3073,,19
27020,4608,7168,0,base,1452.571,1.0,0,1452.571,,cktile,0,,,4666.016,3.2122,0.3113,,19
27029,4608,7168,0,base,1440.395,1.0,0,1440.395,,cktile,0,,,4679.212,3.2486,0.3078,,19
27237,4608,7168,0,base,1445.131,1.0,0,1445.131,,cktile,0,,,4700.804,3.2529,0.3074,,19
27245,4608,7168,0,base,1447.147,1.0,0,1447.147,,cktile,0,,,4696.952,3.2457,0.3081,,19
27562,4608,7168,0,base,1475.715,1.0,0,1475.715,,cktile,0,,,4754.769,3.222,0.3104,,19
27789,4608,7168,0,base,1470.355,1.0,0,1470.355,,cktile,0,,,4781.813,3.2521,0.3075,,19
27987,4608,7168,0,base,1509.523,1.0,0,1509.523,,cktile,0,,,4827.989,3.1984,0.3127,,19
28198,4608,7168,0,base,1481.511,1.0,0,1481.511,,cktile,0,,,4859.962,3.2804,0.3048,,19
28288,4608,7168,0,base,1439.203,1.0,0,1439.203,,cktile,0,,,4842.046,3.3644,0.2972,,19
28435,4608,7168,0,base,1501.347,1.0,0,1501.347,,cktile,0,,,4901.778,3.2649,0.3063,,19
28488,4608,7168,0,base,1507.063,1.0,0,1507.063,,cktile,0,,,4914.855,3.2612,0.3066,,19
28595,4608,7168,0,base,1497.827,1.0,0,1497.827,,cktile,0,,,4924.307,3.2876,0.3042,,19
29050,4608,7168,0,base,1543.628,1.0,0,1543.628,,cktile,0,,,4991.712,3.2338,0.3092,,19
30400,4608,7168,0,base,1603.317,1.0,0,1603.317,,cktile,0,,,5205.134,3.2465,0.308,,19
30750,4608,7168,0,base,1627.365,1.0,0,1627.365,,cktile,0,,,5299.299,3.2564,0.3071,,19
31214,4608,7168,0,base,1635.853,1.0,0,1635.853,,cktile,0,,,5376.052,3.2864,0.3043,,19
32258,4608,7168,0,base,1690.277,1.0,0,1690.277,,cktile,0,,,5547.702,3.2821,0.3047,,19
32491,4608,7168,0,base,1726.078,1.0,0,1726.078,,cktile,0,,,5593.29,3.2405,0.3086,,19
32611,4608,7168,0,base,1720.99,1.0,0,1720.99,,cktile,0,,,5613.662,3.2619,0.3066,,19
153,7168,256,2,base,inf,,9,15.468,13,ck,0,15.62,1.0098,15.512,1.0028,,,15
185,7168,256,2,base,inf,,6,15.328,13,ck,0,15.676,1.0227,15.952,1.0407,,,15
190,7168,256,2,base,inf,,18,15.464,13,ck,0,15.74,1.0179,16.02,1.036,,,15
331,7168,256,0,base,inf,,18,15.732,13,ck,0,16.532,1.0509,16.172,1.028,,,15
668,7168,256,2,base,inf,,18,18.168,18,ck,0,18.168,1.0,19.732,1.0861,,,15
748,7168,256,2,base,inf,,13,19.344,18,ck,0,19.372,1.0014,20.252,1.0469,,,15
1295,7168,256,2,base,inf,,18,24.384,,cktile,0,,,26.588,1.0904,,,15
2346,7168,256,0,base,inf,,18,32.577,,cktile,0,,,35.585,1.0923,,,15
2599,7168,256,0,base,inf,,18,34.009,,cktile,0,,,38.808,1.1411,,,15
2620,7168,256,0,base,inf,,18,33.832,,cktile,0,,,38.152,1.1277,,,15
2750,7168,256,0,base,inf,,18,35.18,,cktile,0,,,40.284,1.1451,,,15
2888,7168,256,0,base,inf,,18,36.949,,cktile,0,,,41.376,1.1198,,,15
2942,7168,256,14,base,51.68,1.3939,18,37.076,,cktile,0,,,42.072,1.1347,1.2284,,15
2968,7168,256,0,base,inf,,18,37.108,,cktile,0,,,42.3,1.1399,,,15
3155,7168,256,0,base,inf,,18,39.372,,cktile,0,,,44.361,1.1267,,,15
3395,7168,256,0,base,inf,,18,40.577,,cktile,0,,,46.776,1.1528,,,15
3566,7168,256,14,base,57.565,1.3931,18,41.32,,cktile,0,,,47.544,1.1506,1.2108,,15
3585,7168,256,0,base,inf,,18,41.768,,cktile,0,,,48.18,1.1535,,,15
3744,7168,256,0,base,inf,,18,42.952,,cktile,0,,,49.064,1.1423,,,15
3873,7168,256,0,base,inf,,18,43.708,,cktile,0,,,50.1,1.1462,,,15
3988,7168,256,0,base,inf,,18,45.156,,cktile,0,,,50.657,1.1218,,,15
4010,7168,256,0,base,inf,,18,45.528,,cktile,0,,,52.325,1.1493,,,15
4071,7168,256,14,base,58.549,1.2959,18,45.18,,cktile,0,,,52.413,1.1601,1.1171,,15
4197,7168,256,14,base,63.953,1.3622,18,46.948,,cktile,0,,,53.689,1.1436,1.1912,,15
4458,7168,256,14,base,64.397,1.3201,18,48.78,,cktile,0,,,56.097,1.15,1.148,,15
5001,7168,256,0,base,inf,,18,53.089,,cktile,0,,,60.661,1.1426,,,15
5160,7168,256,0,base,inf,,18,53.961,,cktile,0,,,62.725,1.1624,,,15
5197,7168,256,0,base,inf,,18,54.72,,cktile,0,,,62.901,1.1495,,,15
5313,7168,256,0,base,inf,,18,55.477,,cktile,0,,,63.853,1.151,,,15
5360,7168,256,14,base,76.789,1.3911,18,55.201,,cktile,0,,,66.281,1.2007,1.1585,,15
5549,7168,256,0,base,inf,,18,57.217,,cktile,0,,,66.185,1.1567,,,15
5588,7168,256,0,base,inf,,18,57.829,,cktile,0,,,67.173,1.1616,,,15
5767,7168,256,14,base,77.553,1.3237,18,58.589,,cktile,0,,,68.893,1.1759,1.1257,,15
6098,7168,256,0,base,inf,,18,61.525,17,ck,0,79.093,1.2856,72.741,1.1823,,,15
6216,7168,256,0,base,inf,,18,62.521,,cktile,0,,,74.349,1.1892,,,15
6341,7168,256,0,base,inf,,18,63.453,,cktile,0,,,74.517,1.1744,,,15
6474,7168,256,0,base,inf,,18,65.153,,cktile,0,,,77.709,1.1927,,,15
6704,7168,256,0,base,inf,,18,65.897,,cktile,0,,,79.509,1.2066,,,15
6870,7168,256,14,base,89.913,1.3119,18,68.537,,cktile,0,,,83.161,1.2134,1.0812,,15
6997,7168,256,0,base,inf,,18,68.441,,cktile,0,,,82.033,1.1986,,,15
7045,7168,256,0,base,inf,,18,68.605,,cktile,0,,,82.889,1.2082,,,15
7432,7168,256,0,base,inf,,18,72.545,,cktile,0,,,87.177,1.2017,,,15
7696,7168,256,0,base,inf,,18,74.593,,cktile,0,,,89.581,1.2009,,,15
8079,7168,256,0,base,inf,,18,77.389,,cktile,0,,,94.597,1.2224,,,15
8260,7168,256,0,base,inf,,18,78.825,,cktile,0,,,97.681,1.2392,,,15
8421,7168,256,0,base,inf,,18,79.433,,cktile,0,,,98.713,1.2427,,,15
8467,7168,256,0,base,inf,,18,80.405,,cktile,0,,,98.497,1.225,,,15
8842,7168,256,0,base,inf,,18,83.781,,cktile,0,,,103.881,1.2399,,,15
8843,7168,256,0,base,inf,,18,83.104,,cktile,0,,,103.605,1.2467,,,15
9018,7168,256,0,base,inf,,18,83.617,,cktile,0,,,106.061,1.2684,,,15
9120,7168,256,0,base,inf,,18,84.525,,cktile,0,,,106.017,1.2543,,,15
9185,7168,256,0,base,inf,,18,85.061,,cktile,0,,,107.205,1.2603,,,15
9290,7168,256,0,base,inf,,18,86.797,,cktile,0,,,110.849,1.2771,,,15
9658,7168,256,0,base,inf,,18,90.089,,cktile,0,,,114.445,1.2704,,,15
9668,7168,256,0,base,inf,,18,90.185,,cktile,0,,,113.929,1.2633,,,15
9777,7168,256,0,base,inf,,18,89.977,,cktile,0,,,116.193,1.2914,,,15
9843,7168,256,0,base,inf,,18,91.013,,cktile,0,,,114.521,1.2583,,,15
10007,7168,256,0,base,inf,,18,92.445,,cktile,0,,,116.153,1.2565,,,15
10140,7168,256,0,base,inf,,18,93.161,18,ck,0,93.161,1.0,120.257,1.2909,,,15
10511,7168,256,0,base,inf,,18,96.629,,cktile,0,,,122.337,1.2661,,,15
10781,7168,256,0,base,inf,,18,98.789,,cktile,0,,,126.249,1.278,,,15
10860,7168,256,0,base,inf,,18,99.641,,cktile,0,,,126.669,1.2713,,,15
10978,7168,256,0,base,inf,,18,100.549,,cktile,0,,,129.089,1.2838,,,15
11126,7168,256,0,base,inf,,18,101.261,,cktile,0,,,130.634,1.2901,,,15
11153,7168,256,0,base,inf,,18,101.933,,cktile,0,,,131.865,1.2936,,,15
11184,7168,256,0,base,inf,,18,102.177,,cktile,0,,,130.829,1.2804,,,15
11197,7168,256,0,base,inf,,18,101.181,,cktile,0,,,130.029,1.2851,,,15
11259,7168,256,0,base,inf,,18,101.937,,cktile,0,,,131.257,1.2876,,,15
11780,7168,256,0,base,inf,,18,107.017,,cktile,0,,,139.313,1.3018,,,15
11899,7168,256,0,base,inf,,18,107.905,,cktile,0,,,138.749,1.2858,,,15
11957,7168,256,0,base,inf,,18,108.245,,cktile,0,,,138.213,1.2769,,,15
12027,7168,256,0,base,inf,,18,108.433,,cktile,0,,,138.974,1.2817,,,15
12151,7168,256,0,base,inf,,18,109.425,,cktile,0,,,141.885,1.2966,,,15
12283,7168,256,0,base,inf,,18,110.153,,cktile,0,,,142.593,1.2945,,,15
12328,7168,256,0,base,inf,,18,111.297,,cktile,0,,,146.209,1.3137,,,15
12457,7168,256,0,base,inf,,18,111.673,,cktile,0,,,146.626,1.313,,,15
12661,7168,256,0,base,inf,,18,112.733,,cktile,0,,,150.597,1.3359,,,15
12773,7168,256,0,base,inf,,18,114.821,,cktile,0,,,152.666,1.3296,,,15
13294,7168,256,0,base,inf,,18,118.037,,cktile,0,,,156.406,1.3251,,,15
13380,7168,256,0,base,inf,,18,119.941,,cktile,0,,,158.174,1.3188,,,15
13648,7168,256,0,base,inf,,18,121.121,,cktile,0,,,158.942,1.3123,,,15
16323,7168,256,0,base,inf,,18,143.114,,cktile,0,,,189.958,1.3273,,,15
16519,7168,256,0,base,inf,,18,144.53,,cktile,0,,,192.49,1.3318,,,15
16663,7168,256,0,base,inf,,18,145.533,,cktile,0,,,193.478,1.3294,,,15
16964,7168,256,0,base,inf,,18,149.121,,cktile,0,,,195.358,1.3101,,,15
17344,7168,256,0,base,inf,,18,150.43,,cktile,0,,,201.134,1.3371,,,15
17425,7168,256,0,base,inf,,18,152.442,,cktile,0,,,203.694,1.3362,,,15
17519,7168,256,0,base,inf,,18,153.646,,cktile,0,,,203.334,1.3234,,,15
17569,7168,256,0,base,inf,,18,152.318,,cktile,0,,,205.85,1.3515,,,15
17573,7168,256,0,base,inf,,18,153.082,,cktile,0,,,203.026,1.3263,,,15
17989,7168,256,0,base,inf,,18,158.302,,cktile,0,,,208.222,1.3154,,,15
18828,7168,256,0,base,inf,,18,163.83,,cktile,0,,,216.782,1.3232,,,15
19056,7168,256,0,base,inf,,18,167.238,,cktile,0,,,217.43,1.3001,,,15
19716,7168,256,0,base,inf,,18,173.11,,cktile,0,,,229.627,1.3265,,,15
19846,7168,256,0,base,inf,,18,174.158,,cktile,0,,,228.13,1.3099,,,15
19927,7168,256,0,base,inf,,18,172.382,,cktile,0,,,230.462,1.3369,,,15
20801,7168,256,0,base,inf,,18,181.346,,cktile,0,,,239.667,1.3216,,,15
21270,7168,256,0,base,inf,,18,183.846,,cktile,0,,,244.163,1.3281,,,15
21465,7168,256,0,base,inf,,18,184.698,,cktile,0,,,249.411,1.3504,,,15
21469,7168,256,0,base,inf,,18,186.546,,cktile,0,,,246.379,1.3207,,,15
21514,7168,256,0,base,inf,,18,187.998,,cktile,0,,,247.718,1.3177,,,15
21664,7168,256,0,base,inf,,18,186.474,,cktile,0,,,244.059,1.3088,,,15
21698,7168,256,0,base,inf,,18,189.318,,cktile,0,,,250.975,1.3257,,,15
22041,7168,256,0,base,inf,,18,191.078,,cktile,0,,,255.127,1.3352,,,15
22043,7168,256,0,base,inf,,18,190.438,,cktile,0,,,254.475,1.3363,,,15
22108,7168,256,0,base,inf,,18,192.982,,cktile,0,,,255.399,1.3234,,,15
22430,7168,256,0,base,inf,,18,195.29,,cktile,0,,,258.391,1.3231,,,15
22470,7168,256,0,base,inf,,18,195.642,,cktile,0,,,256.675,1.312,,,15
22723,7168,256,0,base,inf,,18,197.242,,cktile,0,,,259.807,1.3172,,,15
23915,7168,256,0,base,inf,,18,207.514,,cktile,0,,,270.767,1.3048,,,15
24218,7168,256,0,base,inf,,18,208.27,,cktile,0,,,274.423,1.3176,,,15
24296,7168,256,0,base,inf,,18,208.17,,cktile,0,,,275.555,1.3237,,,15
24997,7168,256,0,base,inf,,18,214.69,,cktile,0,,,285.411,1.3294,,,15
25714,7168,256,0,base,inf,,18,221.282,,cktile,0,,,292.771,1.3231,,,15
25800,7168,256,0,base,inf,,18,220.422,,cktile,0,,,292.891,1.3288,,,15
27152,7168,256,0,base,inf,,18,238.642,,cktile,0,,,306.407,1.284,,,15
28039,7168,256,0,base,inf,,18,245.13,,cktile,0,,,317.859,1.2967,,,15
28076,7168,256,0,base,inf,,18,242.11,,cktile,0,,,317.692,1.3122,,,15
28276,7168,256,0,base,inf,,18,245.363,,cktile,0,,,320.003,1.3042,,,15
28462,7168,256,0,base,inf,,18,246.826,,cktile,0,,,320.572,1.2988,,,15
28832,7168,256,0,base,inf,,18,251.275,,cktile,0,,,323.232,1.2864,,,15
30414,7168,256,0,base,inf,,18,260.279,,cktile,0,,,342.532,1.316,,,15
30421,7168,256,0,base,inf,,18,262.607,,cktile,0,,,340.152,1.2953,,,15
31884,7168,256,0,base,inf,,18,277.45,,cktile,0,,,359.208,1.2947,,,15
33024,7168,256,0,base,inf,,18,288.075,,cktile,0,,,368.564,1.2794,,,15
217,7168,2304,17,base,55.433,2.3823,2,23.268,18,ck,0,27.104,1.1649,37.196,1.5986,1.4903,2.0452,19
230,7168,2304,17,base,56.533,2.4494,2,23.08,18,ck,0,27.688,1.1997,37.708,1.6338,1.4992,2.0418,19
248,7168,2304,17,base,57.009,2.4144,2,23.612,18,ck,0,27.296,1.156,37.988,1.6088,1.5007,2.0885,19
281,7168,2304,9,base,31.064,1.0947,3,28.376,12,ck,0,30.168,1.0632,37.888,1.3352,0.8199,1.0297,19
293,7168,2304,0,base,28.972,1.0153,3,28.536,18,ck,0,35.865,1.2568,43.088,1.5099,0.6724,0.8078,19
295,7168,2304,0,base,28.812,1.0032,3,28.72,18,ck,0,35.308,1.2294,43.9,1.5285,0.6563,0.816,19
324,7168,2304,0,base,28.644,1.0,0,28.644,18,ck,0,35.66,1.2449,44.833,1.5652,0.6389,0.8033,19
371,7168,2304,0,base,29.792,1.031,3,28.896,0,ck,0,29.792,1.031,49.977,1.7295,0.5961,1.0,19
375,7168,2304,0,base,30.3,1.0273,3,29.496,0,ck,0,30.3,1.0273,50.192,1.7016,0.6037,1.0,19
884,7168,2304,0,base,42.701,1.0,0,42.701,0,ck,0,42.701,1.0,95.141,2.2281,0.4488,1.0,19
1681,7168,2304,14,base,84.413,1.296,2,65.133,0,ck,0,70.397,1.0808,169.01,2.5948,0.4995,1.1991,19
1755,7168,2304,0,base,71.229,1.0,0,71.229,0,ck,0,71.229,1.0,174.358,2.4479,0.4085,1.0,19
1782,7168,2304,0,base,71.633,1.0,0,71.633,0,ck,0,71.633,1.0,173.526,2.4224,0.4128,1.0,19
1929,7168,2304,0,base,72.273,1.0,0,72.273,0,ck,0,72.273,1.0,191.842,2.6544,0.3767,1.0,19
1935,7168,2304,0,base,71.637,1.0,0,71.637,0,ck,0,71.637,1.0,189.962,2.6517,0.3771,1.0,19
1939,7168,2304,0,base,71.469,1.0,0,71.469,0,ck,0,71.469,1.0,194.082,2.7156,0.3682,1.0,19
1956,7168,2304,0,base,71.485,1.0,0,71.485,0,ck,0,71.485,1.0,193.066,2.7008,0.3703,1.0,19
2150,7168,2304,0,base,71.789,1.0,0,71.789,0,ck,0,71.789,1.0,200.47,2.7925,0.3581,1.0,19
2321,7168,2304,0,base,86.085,1.0,0,86.085,0,ck,0,86.085,1.0,229.366,2.6644,0.3753,1.0,19
2458,7168,2304,0,base,86.945,1.0,0,86.945,0,ck,0,86.945,1.0,233.182,2.682,0.3729,1.0,19
2474,7168,2304,0,base,86.221,1.0,0,86.221,0,ck,0,86.221,1.0,237.406,2.7535,0.3632,1.0,19
2575,7168,2304,0,base,87.709,1.0,0,87.709,0,ck,0,87.709,1.0,247.315,2.8197,0.3546,1.0,19
2756,7168,2304,0,base,88.425,1.0,0,88.425,0,ck,0,88.425,1.0,268.075,3.0317,0.3299,1.0,19
2778,7168,2304,0,base,87.685,1.0,0,87.685,0,ck,0,87.685,1.0,268.743,3.0649,0.3263,1.0,19
2985,7168,2304,0,base,100.837,1.0,0,100.837,0,ck,0,100.837,1.0,285.839,2.8347,0.3528,1.0,19
3023,7168,2304,0,base,101.633,1.0,0,101.633,0,ck,0,101.633,1.0,292.115,2.8742,0.3479,1.0,19
3048,7168,2304,0,base,101.965,1.0,0,101.965,0,ck,0,101.965,1.0,290.491,2.8489,0.351,1.0,19
3067,7168,2304,0,base,102.293,1.0,0,102.293,0,ck,0,102.293,1.0,289.123,2.8264,0.3538,1.0,19
3104,7168,2304,0,base,101.073,1.0,0,101.073,0,ck,0,101.073,1.0,297.455,2.943,0.3398,1.0,19
3214,7168,2304,0,base,102.925,1.0,0,102.925,0,ck,0,102.925,1.0,301.355,2.9279,0.3415,1.0,19
3405,7168,2304,0,base,103.017,1.0,0,103.017,0,ck,0,103.017,1.0,321.36,3.1195,0.3206,1.0,19
3549,7168,2304,0,base,117.037,1.0,0,117.037,0,ck,0,117.037,1.0,337.568,2.8843,0.3467,1.0,19
3556,7168,2304,0,base,116.769,1.0,0,116.769,0,ck,0,116.769,1.0,333.735,2.8581,0.3499,1.0,19
3792,7168,2304,0,base,118.309,1.0,0,118.309,0,ck,0,118.309,1.0,360.232,3.0448,0.3284,1.0,19
3891,7168,2304,0,base,119.333,1.0,0,119.333,0,ck,0,119.333,1.0,371.4,3.1123,0.3213,1.0,19
4001,7168,2304,0,base,120.129,1.0,0,120.129,0,ck,0,120.129,1.0,377.02,3.1385,0.3186,1.0,19
4137,7168,2304,0,base,133.669,1.0,0,133.669,0,ck,0,133.669,1.0,387.544,2.8993,0.3449,1.0,19
4163,7168,2304,0,base,134.042,1.0,0,134.042,0,ck,0,134.042,1.0,390.148,2.9107,0.3436,1.0,19
4245,7168,2304,0,base,133.349,1.0,0,133.349,0,ck,0,133.349,1.0,398.28,2.9867,0.3348,1.0,19
4883,7168,2304,0,base,147.149,1.0,0,147.149,0,ck,0,147.149,1.0,457.257,3.1074,0.3218,1.0,19
4966,7168,2304,0,base,148.317,1.0,0,148.317,0,ck,0,148.317,1.0,465.705,3.1399,0.3185,1.0,19
4973,7168,2304,0,base,148.726,1.0,0,148.726,0,ck,0,148.726,1.0,469.429,3.1563,0.3168,1.0,19
5146,7168,2304,0,base,150.986,1.0,0,150.986,0,ck,0,150.986,1.0,481.393,3.1883,0.3136,1.0,19
5167,7168,2304,0,base,148.673,1.0,0,148.673,0,ck,0,148.673,1.0,484.889,3.2614,0.3066,1.0,19
5464,7168,2304,0,base,161.618,1.0,0,161.618,0,ck,0,161.618,1.0,510.409,3.1581,0.3166,1.0,19
5482,7168,2304,0,base,162.19,1.0,0,162.19,0,ck,0,162.19,1.0,516.269,3.1831,0.3142,1.0,19
5867,7168,2304,0,base,176.106,1.0,0,176.106,0,ck,0,176.106,1.0,548.122,3.1125,0.3213,1.0,19
6000,7168,2304,0,base,177.049,1.0,0,177.049,0,ck,0,177.049,1.0,564.618,3.189,0.3136,1.0,19
6341,7168,2304,0,base,178.849,1.0,0,178.849,0,ck,0,178.849,1.0,589.062,3.2936,0.3036,1.0,19
6399,7168,2304,0,base,183.61,1.0,0,183.61,0,ck,0,183.61,1.0,596.382,3.2481,0.3079,1.0,19
7429,7168,2304,0,base,211.198,1.0,0,211.198,0,ck,0,211.198,1.0,683.311,3.2354,0.3091,1.0,19
7603,7168,2304,0,base,228.358,1.0,0,228.358,0,ck,0,228.358,1.0,702.483,3.0762,0.3251,1.0,19
7899,7168,2304,0,base,223.742,1.0,0,223.742,0,ck,0,223.742,1.0,726.968,3.2491,0.3078,1.0,19
7906,7168,2304,0,base,228.874,1.0,0,228.874,0,ck,0,228.874,1.0,728.587,3.1834,0.3141,1.0,19
7930,7168,2304,0,base,221.791,1.0,0,221.791,0,ck,0,221.791,1.0,728.527,3.2848,0.3044,1.0,19
8133,7168,2304,0,base,223.206,1.0,0,223.206,0,ck,0,223.206,1.0,747.26,3.3478,0.2987,1.0,19
8366,7168,2304,0,base,240.811,1.0,0,240.811,0,ck,0,240.811,1.0,769.056,3.1936,0.3131,1.0,19
8392,7168,2304,0,base,241.543,1.0,0,241.543,0,ck,0,241.543,1.0,772.616,3.1987,0.3126,1.0,19
8948,7168,2304,0,base,255.779,1.0,0,255.779,0,ck,0,255.779,1.0,822.797,3.2168,0.3109,1.0,19
8973,7168,2304,0,base,263.587,1.0,0,263.587,0,ck,0,263.587,1.0,823.249,3.1233,0.3202,1.0,19
9020,7168,2304,0,base,267.827,1.0,0,267.827,0,ck,0,267.827,1.0,828.989,3.0952,0.3231,1.0,19
9052,7168,2304,0,base,267.931,1.0,0,267.931,0,ck,0,267.931,1.0,829.377,3.0955,0.3231,1.0,19
9182,7168,2304,0,base,264.963,1.0,0,264.963,0,ck,0,264.963,1.0,840.749,3.1731,0.3152,1.0,19
9237,7168,2304,0,base,260.235,1.0,0,260.235,0,ck,0,260.235,1.0,845.397,3.2486,0.3078,1.0,19
9412,7168,2304,0,base,277.655,1.0,0,277.655,0,ck,0,277.655,1.0,861.005,3.101,0.3225,1.0,19
9539,7168,2304,0,base,277.455,1.0,0,277.455,0,ck,0,277.455,1.0,873.317,3.1476,0.3177,1.0,19
9547,7168,2304,0,base,281.723,1.0,0,281.723,0,ck,0,281.723,1.0,872.281,3.0962,0.323,1.0,19
9559,7168,2304,0,base,285.443,1.0,0,285.443,0,ck,0,285.443,1.0,873.757,3.0611,0.3267,1.0,19
9593,7168,2304,0,base,276.107,1.0,0,276.107,0,ck,0,276.107,1.0,877.489,3.1781,0.3147,1.0,19
9778,7168,2304,0,base,290.391,1.0,0,290.391,0,ck,0,290.391,1.0,893.185,3.0758,0.3251,1.0,19
9801,7168,2304,0,base,289.463,1.0,0,289.463,0,ck,0,289.463,1.0,894.977,3.0919,0.3234,1.0,19
9828,7168,2304,0,base,280.327,1.0,0,280.327,0,ck,0,280.327,1.0,903.509,3.2231,0.3103,1.0,19
9831,7168,2304,0,base,283.691,1.0,0,283.691,0,ck,0,283.691,1.0,901.442,3.1775,0.3147,1.0,19
9886,7168,2304,0,base,293.343,1.0,0,293.343,0,ck,0,293.343,1.0,902.957,3.0782,0.3249,1.0,19
10043,7168,2304,0,base,296.271,1.0,0,296.271,0,ck,0,296.271,1.0,917.034,3.0953,0.3231,1.0,19
10144,7168,2304,0,base,299.635,1.0,0,299.635,0,ck,0,299.635,1.0,933.546,3.1156,0.321,1.0,19
10225,7168,2304,0,base,299.183,1.0,0,299.183,0,ck,0,299.183,1.0,931.878,3.1147,0.3211,1.0,19
10530,7168,2304,0,base,316.603,1.0,0,316.603,0,ck,0,316.603,1.0,966.238,3.0519,0.3277,1.0,19
11031,7168,2304,0,base,336.84,1.0,0,336.84,0,ck,0,336.84,1.0,1003.283,2.9785,0.3357,1.0,19
11061,7168,2304,0,base,338.128,1.0,0,338.128,0,ck,0,338.128,1.0,1005.431,2.9735,0.3363,1.0,19
11196,7168,2304,0,base,325.231,1.0,0,325.231,0,ck,0,325.231,1.0,1019.779,3.1355,0.3189,1.0,19
11239,7168,2304,0,base,338.74,1.0,0,338.74,0,ck,0,338.74,1.0,1020.847,3.0137,0.3318,1.0,19
11301,7168,2304,0,base,337.64,1.0,0,337.64,0,ck,0,337.64,1.0,1025.779,3.0381,0.3292,1.0,19
11557,7168,2304,0,base,347.76,1.0,0,347.76,0,ck,0,347.76,1.0,1056.179,3.0371,0.3293,1.0,19
11686,7168,2304,0,base,345.38,1.0,0,345.38,0,ck,0,345.38,1.0,1059.343,3.0672,0.326,1.0,19
11857,7168,2304,0,base,353.852,1.0,0,353.852,0,ck,0,353.852,1.0,1078.439,3.0477,0.3281,1.0,19
11973,7168,2304,0,base,346.46,1.0,0,346.46,0,ck,0,346.46,1.0,1082.515,3.1245,0.3201,1.0,19
12255,7168,2304,0,base,362.008,1.0,0,362.008,0,ck,0,362.008,1.0,1110.26,3.0669,0.3261,1.0,19
12903,7168,2304,0,base,393.596,1.0,0,393.596,0,ck,0,393.596,1.0,1169.92,2.9724,0.3364,1.0,19
12943,7168,2304,0,base,386.476,1.0,0,386.476,0,ck,0,386.476,1.0,1171.38,3.0309,0.3299,1.0,19
12973,7168,2304,0,base,392.688,1.0,0,392.688,0,ck,0,392.688,1.0,1170.792,2.9815,0.3354,1.0,19
13133,7168,2304,0,base,393.42,1.0,0,393.42,0,ck,0,393.42,1.0,1185.1,3.0123,0.332,1.0,19
13356,7168,2304,0,base,387.532,1.0,0,387.532,0,ck,0,387.532,1.0,1203.037,3.1044,0.3221,1.0,19
13856,7168,2304,0,base,419.144,1.0,0,419.144,0,ck,0,419.144,1.0,1261.085,3.0087,0.3324,1.0,19
14571,7168,2304,0,base,444.029,1.0,0,444.029,0,ck,0,444.029,1.0,1312.274,2.9554,0.3384,1.0,19
14748,7168,2304,0,base,457.029,1.0,0,457.029,0,ck,0,457.029,1.0,1325.594,2.9005,0.3448,1.0,19
14986,7168,2304,0,base,456.425,1.0,0,456.425,0,ck,0,456.425,1.0,1339.098,2.9339,0.3408,1.0,19
15087,7168,2304,0,base,468.329,1.0,0,468.329,0,ck,0,468.329,1.0,1336.246,2.8532,0.3505,1.0,19
15388,7168,2304,0,base,464.425,1.0,0,464.425,0,ck,0,464.425,1.0,1366.226,2.9418,0.3399,1.0,19
15667,7168,2304,0,base,474.261,1.0,0,474.261,0,ck,0,474.261,1.0,1395.943,2.9434,0.3397,1.0,19
15782,7168,2304,0,base,492.125,1.0,0,492.125,0,ck,0,492.125,1.0,1400.443,2.8457,0.3514,1.0,19
16260,7168,2304,0,base,503.101,1.0,0,503.101,0,ck,0,503.101,1.0,1443.115,2.8684,0.3486,1.0,19
17505,7168,2304,0,base,530.409,1.0,0,530.409,0,ck,0,530.409,1.0,1539.92,2.9033,0.3444,1.0,19
17565,7168,2304,0,base,532.397,1.0,0,532.397,0,ck,0,532.397,1.0,1546.092,2.904,0.3444,1.0,19
17838,7168,2304,0,base,544.11,1.0,0,544.11,0,ck,0,544.11,1.0,1577.293,2.8989,0.345,1.0,19
17883,7168,2304,0,base,545.277,1.0,0,545.277,0,ck,0,545.277,1.0,1582.997,2.9031,0.3445,1.0,19
18014,7168,2304,0,base,551.074,1.0,0,551.074,0,ck,0,551.074,1.0,1594.005,2.8925,0.3457,1.0,19
18190,7168,2304,0,base,561.174,1.0,0,561.174,0,ck,0,561.174,1.0,1601.177,2.8533,0.3505,1.0,19
18575,7168,2304,0,base,576.418,1.0,0,576.418,0,ck,0,576.418,1.0,1622.489,2.8148,0.3553,1.0,19
18580,7168,2304,0,base,572.106,1.0,0,572.106,0,ck,0,572.106,1.0,1625.741,2.8417,0.3519,1.0,19
19247,7168,2304,0,base,601.871,1.0,0,601.871,0,ck,0,601.871,1.0,1678.666,2.7891,0.3585,1.0,19
19259,7168,2304,0,base,594.726,1.0,0,594.726,0,ck,0,594.726,1.0,1672.826,2.8128,0.3555,1.0,19
19650,7168,2304,0,base,605.762,1.0,0,605.762,0,ck,0,605.762,1.0,1714.686,2.8306,0.3533,1.0,19
19662,7168,2304,0,base,595.474,1.0,0,595.474,0,ck,0,595.474,1.0,1711.43,2.8741,0.3479,1.0,19
20033,7168,2304,0,base,622.747,1.0,0,622.747,0,ck,0,622.747,1.0,1753.71,2.8161,0.3551,1.0,19
20299,7168,2304,0,base,621.57,1.0,0,621.57,0,ck,0,621.57,1.0,1759.207,2.8303,0.3533,1.0,19
20499,7168,2304,0,base,631.478,1.0,0,631.478,0,ck,0,631.478,1.0,1780.595,2.8197,0.3546,1.0,19
20502,7168,2304,0,base,625.271,1.0,0,625.271,0,ck,0,625.271,1.0,1793.531,2.8684,0.3486,1.0,19
21180,7168,2304,0,base,650.607,1.0,0,650.607,0,ck,0,650.607,1.0,1846.964,2.8388,0.3523,1.0,19
23069,7168,2304,0,base,707.171,1.0,0,707.171,0,ck,0,707.171,1.0,2010.257,2.8427,0.3518,1.0,19
23586,7168,2304,0,base,725.288,1.0,0,725.288,0,ck,0,725.288,1.0,2042.31,2.8159,0.3551,1.0,19
23875,7168,2304,0,base,732.24,1.0,0,732.24,0,ck,0,732.24,1.0,2081.55,2.8427,0.3518,1.0,19
24071,7168,2304,0,base,734.524,1.0,0,734.524,0,ck,0,734.524,1.0,2100.266,2.8594,0.3497,1.0,19
24288,7168,2304,0,base,749.3,1.0,0,749.3,0,ck,0,749.3,1.0,2118.174,2.8269,0.3537,1.0,19
25162,7168,2304,0,base,767.508,1.0,0,767.508,0,ck,0,767.508,1.0,2187.715,2.8504,0.3508,1.0,19
26338,7168,2304,0,base,821.225,1.0,0,821.225,0,ck,0,821.225,1.0,2288.112,2.7862,0.3589,1.0,19
26915,7168,2304,0,base,848.365,1.0,0,848.365,0,ck,0,848.365,1.0,2345.181,2.7644,0.3617,1.0,19
27423,7168,2304,0,base,863.949,1.0,0,863.949,0,ck,0,863.949,1.0,2381.721,2.7568,0.3627,1.0,19
27754,7168,2304,0,base,866.073,1.0,0,866.073,0,ck,0,866.073,1.0,2412.138,2.7851,0.359,1.0,19
28193,7168,2304,0,base,886.521,1.0,0,886.521,0,ck,0,886.521,1.0,2453.266,2.7673,0.3614,1.0,19
29142,7168,2304,0,base,910.826,1.0,0,910.826,0,ck,0,910.826,1.0,2523.047,2.7701,0.361,1.0,19
30514,7168,2304,0,base,939.706,1.0,0,939.706,0,ck,0,939.706,1.0,2642.848,2.8124,0.3556,1.0,19
30693,7168,2304,0,base,957.67,1.0,0,957.67,0,ck,0,957.67,1.0,2652.508,2.7698,0.361,1.0,19
31666,7168,2304,0,base,986.226,1.0,0,986.226,0,ck,0,986.226,1.0,2760.481,2.799,0.3573,1.0,19
31848,7168,2304,0,base,990.514,1.0,0,990.514,0,ck,0,990.514,1.0,2740.381,2.7666,0.3615,1.0,19
31992,7168,2304,0,base,996.263,1.0,0,996.263,0,ck,0,996.263,1.0,2765.413,2.7758,0.3603,1.0,19
32608,7168,2304,0,base,1009.659,1.0,0,1009.659,0,ck,0,1009.659,1.0,2835.606,2.8085,0.3561,1.0,19
33024,7168,2304,0,base,986.511,1.0,0,986.511,0,ck,0,986.511,1.0,2870.887,2.9101,0.3436,1.0,19
